[
  {
    "id": 1001,
    "name_th": "พระนคร",
    "name_en": "",
    "province_id": 10
  },
  {
    "id": 1002,
    "name_th": "ดุสิต",
    "name_en": "",
    "province_id": 10
  },
  {
    "id": 1003,
    "name_th": "หนองจอก",
    "name_en": "",
    "province_id": 10
  },
  {
    "id": 1004,
    "name_th": "บางรัก",
    "name_en": "",
    "province_id": 10
  },
  {
    "id": 1005,
    "name_th": "บางเขน",
    "name_en": "",
    "province_id": 10
  },
  {
    "id": 1006,
    "name_th": "บางกะปิ",
    "name_en": "",
    "province_id": 10
  },
  {
    "id": 1007,
    "name_th": "ปทุมวัน",
    "name_en": "",
    "province_id": 10
  },
  {
    "id": 1008,
    "name_th": "ป้อมปราบศัตรูพ่าย",
    "name_en": "",
    "province_id": 10
  },
  {
    "id": 1009,
    "name_th": "พระโขนง",
    "name_en": "",
    "province_id": 10
  },
  {
    "id": 1010,
    "name_th": "มีนบุรี",
    "name_en": "",
    "province_id": 10
  },
  {
    "id": 1011,
    "name_th": "ลาดกระบัง",
    "name_en": "",
    "province_id": 10
  },
  {
    "id": 1012,
    "name_th": "ยานนาวา",
    "name_en": "",
    "province_id": 10
  },
  {
    "id": 1013,
    "name_th": "สัมพันธวงศ์",
    "name_en": "",
    "province_id": 10
  },
  {
    "id": 1014,
    "name_th": "พญาไท",
    "name_en": "",
    "province_id": 10
  },
  {
    "id": 1015,
    "name_th": "ธนบุรี",
    "name_en": "",
    "province_id": 10
  },
  {
    "id": 1016,
    "name_th": "บางกอกใหญ่",
    "name_en": "",
    "province_id": 10
  },
  {
    "id": 1017,
    "name_th": "ห้วยขวาง",
    "name_en": "",
    "province_id": 10
  },
  {
    "id": 1018,
    "name_th": "คลองสาน",
    "name_en": "",
    "province_id": 10
  },
  {
    "id": 1019,
    "name_th": "ตลิ่งชัน",
    "name_en": "",
    "province_id": 10
  },
  {
    "id": 1020,
    "name_th": "บางกอกน้อย",
    "name_en": "",
    "province_id": 10
  },
  {
    "id": 1021,
    "name_th": "บางขุนเทียน",
    "name_en": "",
    "province_id": 10
  },
  {
    "id": 1022,
    "name_th": "ภาษีเจริญ",
    "name_en": "",
    "province_id": 10
  },
  {
    "id": 1023,
    "name_th": "หนองแขม",
    "name_en": "",
    "province_id": 10
  },
  {
    "id": 1024,
    "name_th": "ราษฎร์บูรณะ",
    "name_en": "",
    "province_id": 10
  },
  {
    "id": 1025,
    "name_th": "บางพลัด",
    "name_en": "",
    "province_id": 10
  },
  {
    "id": 1026,
    "name_th": "ดินแดง",
    "name_en": "",
    "province_id": 10
  },
  {
    "id": 1027,
    "name_th": "บึงกุ่ม",
    "name_en": "",
    "province_id": 10
  },
  {
    "id": 1028,
    "name_th": "สาทร",
    "name_en": "",
    "province_id": 10
  },
  {
    "id": 1029,
    "name_th": "บางซื่อ",
    "name_en": "",
    "province_id": 10
  },
  {
    "id": 1030,
    "name_th": "จตุจักร",
    "name_en": "",
    "province_id": 10
  },
  {
    "id": 1031,
    "name_th": "บางคอแหลม",
    "name_en": "",
    "province_id": 10
  },
  {
    "id": 1032,
    "name_th": "ประเวศ",
    "name_en": "",
    "province_id": 10
  },
  {
    "id": 1033,
    "name_th": "คลองเตย",
    "name_en": "",
    "province_id": 10
  },
  {
    "id": 1034,
    "name_th": "สวนหลวง",
    "name_en": "",
    "province_id": 10
  },
  {
    "id": 1035,
    "name_th": "จอมทอง",
    "name_en": "",
    "province_id": 10
  },
  {
    "id": 1036,
    "name_th": "ดอนเมือง",
    "name_en": "",
    "province_id": 10
  },
  {
    "id": 1037,
    "name_th": "ราชเทวี",
    "name_en": "",
    "province_id": 10
  },
  {
    "id": 1038,
    "name_th": "ลาดพร้าว",
    "name_en": "",
    "province_id": 10
  },
  {
    "id": 1039,
    "name_th": "วัฒนา",
    "name_en": "",
    "province_id": 10
  },
  {
    "id": 1040,
    "name_th": "บางแค",
    "name_en": "",
    "province_id": 10
  },
  {
    "id": 1041,
    "name_th": "หลักสี่",
    "name_en": "",
    "province_id": 10
  },
  {
    "id": 1042,
    "name_th": "สายไหม",
    "name_en": "",
    "province_id": 10
  },
  {
    "id": 1043,
    "name_th": "คันนายาว",
    "name_en": "",
    "province_id": 10
  },
  {
    "id": 1044,
    "name_th": "สะพานสูง",
    "name_en": "",
    "province_id": 10
  },
  {
    "id": 1045,
    "name_th": "วังทองหลาง",
    "name_en": "",
    "province_id": 10
  },
  {
    "id": 1046,
    "name_th": "คลองสามวา",
    "name_en": "",
    "province_id": 10
  },
  {
    "id": 1047,
    "name_th": "บางนา",
    "name_en": "",
    "province_id": 10
  },
  {
    "id": 1048,
    "name_th": "ทวีวัฒนา",
    "name_en": "",
    "province_id": 10
  },
  {
    "id": 1049,
    "name_th": "ทุ่งครุ",
    "name_en": "",
    "province_id": 10
  },
  {
    "id": 1050,
    "name_th": "บางบอน",
    "name_en": "",
    "province_id": 10
  },
  {
    "id": 1101,
    "name_th": "เมืองสมุทรปราการ",
    "name_en": "",
    "province_id": 11
  },
  {
    "id": 1102,
    "name_th": "บางบ่อ",
    "name_en": "",
    "province_id": 11
  },
  {
    "id": 1103,
    "name_th": "บางพลี",
    "name_en": "",
    "province_id": 11
  },
  {
    "id": 1104,
    "name_th": "พระประแดง",
    "name_en": "",
    "province_id": 11
  },
  {
    "id": 1105,
    "name_th": "พระสมุทรเจดีย์",
    "name_en": "",
    "province_id": 11
  },
  {
    "id": 1106,
    "name_th": "บางเสาธง",
    "name_en": "",
    "province_id": 11
  },
  {
    "id": 1201,
    "name_th": "เมืองนนทบุรี",
    "name_en": "",
    "province_id": 12
  },
  {
    "id": 1202,
    "name_th": "บางกรวย",
    "name_en": "",
    "province_id": 12
  },
  {
    "id": 1203,
    "name_th": "บางใหญ่",
    "name_en": "",
    "province_id": 12
  },
  {
    "id": 1204,
    "name_th": "บางบัวทอง",
    "name_en": "",
    "province_id": 12
  },
  {
    "id": 1205,
    "name_th": "ไทรน้อย",
    "name_en": "",
    "province_id": 12
  },
  {
    "id": 1206,
    "name_th": "ปากเกร็ด",
    "name_en": "",
    "province_id": 12
  },
  {
    "id": 1501,
    "name_th": "เมืองอ่างทอง",
    "name_en": "",
    "province_id": 15
  },
  {
    "id": 1502,
    "name_th": "ไชโย",
    "name_en": "",
    "province_id": 15
  },
  {
    "id": 1503,
    "name_th": "ป่าโมก",
    "name_en": "",
    "province_id": 15
  },
  {
    "id": 1504,
    "name_th": "โพธิ์ทอง",
    "name_en": "",
    "province_id": 15
  },
  {
    "id": 1505,
    "name_th": "แสวงหา",
    "name_en": "",
    "province_id": 15
  },
  {
    "id": 1506,
    "name_th": "วิเศษชัยชาญ",
    "name_en": "",
    "province_id": 15
  },
  {
    "id": 1507,
    "name_th": "สามโก้",
    "name_en": "",
    "province_id": 15
  },
  {
    "id": 1601,
    "name_th": "เมืองลพบุรี",
    "name_en": "",
    "province_id": 16
  },
  {
    "id": 1602,
    "name_th": "พัฒนานิคม",
    "name_en": "",
    "province_id": 16
  },
  {
    "id": 1603,
    "name_th": "โคกสำโรง",
    "name_en": "",
    "province_id": 16
  },
  {
    "id": 1604,
    "name_th": "ชัยบาดาล",
    "name_en": "",
    "province_id": 16
  },
  {
    "id": 1605,
    "name_th": "ท่าวุ้ง",
    "name_en": "",
    "province_id": 16
  },
  {
    "id": 1606,
    "name_th": "บ้านหมี่",
    "name_en": "",
    "province_id": 16
  },
  {
    "id": 1607,
    "name_th": "ท่าหลวง",
    "name_en": "",
    "province_id": 16
  },
  {
    "id": 1608,
    "name_th": "สระโบสถ์",
    "name_en": "",
    "province_id": 16
  },
  {
    "id": 1609,
    "name_th": "โคกเจริญ",
    "name_en": "",
    "province_id": 16
  },
  {
    "id": 1610,
    "name_th": "ลำสนธิ",
    "name_en": "",
    "province_id": 16
  },
  {
    "id": 1611,
    "name_th": "หนองม่วง",
    "name_en": "",
    "province_id": 16
  },
  {
    "id": 1701,
    "name_th": "เมืองสิงห์บุรี",
    "name_en": "",
    "province_id": 17
  },
  {
    "id": 1702,
    "name_th": "บางระจัน",
    "name_en": "",
    "province_id": 17
  },
  {
    "id": 1703,
    "name_th": "ค่ายบางระจัน",
    "name_en": "",
    "province_id": 17
  },
  {
    "id": 1704,
    "name_th": "พรหมบุรี",
    "name_en": "",
    "province_id": 17
  },
  {
    "id": 1705,
    "name_th": "ท่าช้าง",
    "name_en": "",
    "province_id": 17
  },
  {
    "id": 1706,
    "name_th": "อินทร์บุรี",
    "name_en": "",
    "province_id": 17
  },
  {
    "id": 1801,
    "name_th": "เมืองชัยนาท",
    "name_en": "",
    "province_id": 18
  },
  {
    "id": 1802,
    "name_th": "มโนรมย์",
    "name_en": "",
    "province_id": 18
  },
  {
    "id": 1803,
    "name_th": "วัดสิงห์",
    "name_en": "",
    "province_id": 18
  },
  {
    "id": 1804,
    "name_th": "สรรพยา",
    "name_en": "",
    "province_id": 18
  },
  {
    "id": 1805,
    "name_th": "สรรคบุรี",
    "name_en": "",
    "province_id": 18
  },
  {
    "id": 1806,
    "name_th": "หันคา",
    "name_en": "",
    "province_id": 18
  },
  {
    "id": 1807,
    "name_th": "หนองมะโมง",
    "name_en": "",
    "province_id": 18
  },
  {
    "id": 1808,
    "name_th": "เนินขาม",
    "name_en": "",
    "province_id": 18
  },
  {
    "id": 1901,
    "name_th": "เมืองสระบุรี",
    "name_en": "",
    "province_id": 19
  },
  {
    "id": 1902,
    "name_th": "แก่งคอย",
    "name_en": "",
    "province_id": 19
  },
  {
    "id": 1903,
    "name_th": "หนองแค",
    "name_en": "",
    "province_id": 19
  },
  {
    "id": 1904,
    "name_th": "วิหารแดง",
    "name_en": "",
    "province_id": 19
  },
  {
    "id": 1905,
    "name_th": "หนองแซง",
    "name_en": "",
    "province_id": 19
  },
  {
    "id": 1906,
    "name_th": "บ้านหมอ",
    "name_en": "",
    "province_id": 19
  },
  {
    "id": 1907,
    "name_th": "ดอนพุด",
    "name_en": "",
    "province_id": 19
  },
  {
    "id": 1908,
    "name_th": "หนองโดน",
    "name_en": "",
    "province_id": 19
  },
  {
    "id": 1909,
    "name_th": "พระพุทธบาท",
    "name_en": "",
    "province_id": 19
  },
  {
    "id": 1910,
    "name_th": "เสาไห้",
    "name_en": "",
    "province_id": 19
  },
  {
    "id": 1911,
    "name_th": "มวกเหล็ก",
    "name_en": "",
    "province_id": 19
  },
  {
    "id": 1912,
    "name_th": "วังม่วง",
    "name_en": "",
    "province_id": 19
  },
  {
    "id": 1913,
    "name_th": "เฉลิมพระเกียรติ",
    "name_en": "",
    "province_id": 19
  },
  {
    "id": 2001,
    "name_th": "เมืองชลบุรี",
    "name_en": "",
    "province_id": 20
  },
  {
    "id": 2002,
    "name_th": "บ้านบึง",
    "name_en": "",
    "province_id": 20
  },
  {
    "id": 2003,
    "name_th": "หนองใหญ่",
    "name_en": "",
    "province_id": 20
  },
  {
    "id": 2004,
    "name_th": "บางละมุง",
    "name_en": "",
    "province_id": 20
  },
  {
    "id": 2005,
    "name_th": "พานทอง",
    "name_en": "",
    "province_id": 20
  },
  {
    "id": 2006,
    "name_th": "พนัสนิคม",
    "name_en": "",
    "province_id": 20
  },
  {
    "id": 2007,
    "name_th": "ศรีราชา",
    "name_en": "",
    "province_id": 20
  },
  {
    "id": 2008,
    "name_th": "เกาะสีชัง",
    "name_en": "",
    "province_id": 20
  },
  {
    "id": 2009,
    "name_th": "สัตหีบ",
    "name_en": "",
    "province_id": 20
  },
  {
    "id": 2010,
    "name_th": "บ่อทอง",
    "name_en": "",
    "province_id": 20
  },
  {
    "id": 2011,
    "name_th": "เกาะจันทร์",
    "name_en": "",
    "province_id": 20
  },
  {
    "id": 2101,
    "name_th": "เมืองระยอง",
    "name_en": "",
    "province_id": 21
  },
  {
    "id": 2102,
    "name_th": "บ้านฉาง",
    "name_en": "",
    "province_id": 21
  },
  {
    "id": 2103,
    "name_th": "แกลง",
    "name_en": "",
    "province_id": 21
  },
  {
    "id": 2104,
    "name_th": "วังจันทร์",
    "name_en": "",
    "province_id": 21
  },
  {
    "id": 2105,
    "name_th": "บ้านค่าย",
    "name_en": "",
    "province_id": 21
  },
  {
    "id": 2106,
    "name_th": "ปลวกแดง",
    "name_en": "",
    "province_id": 21
  },
  {
    "id": 2107,
    "name_th": "เขาชะเมา",
    "name_en": "",
    "province_id": 21
  },
  {
    "id": 2108,
    "name_th": "นิคมพัฒนา",
    "name_en": "",
    "province_id": 21
  },
  {
    "id": 2201,
    "name_th": "เมืองจันทบุรี",
    "name_en": "",
    "province_id": 22
  },
  {
    "id": 2202,
    "name_th": "ขลุง",
    "name_en": "",
    "province_id": 22
  },
  {
    "id": 2203,
    "name_th": "ท่าใหม่",
    "name_en": "",
    "province_id": 22
  },
  {
    "id": 2204,
    "name_th": "โป่งน้ำร้อน",
    "name_en": "",
    "province_id": 22
  },
  {
    "id": 2205,
    "name_th": "มะขาม",
    "name_en": "",
    "province_id": 22
  },
  {
    "id": 2206,
    "name_th": "แหลมสิงห์",
    "name_en": "",
    "province_id": 22
  },
  {
    "id": 2207,
    "name_th": "สอยดาว",
    "name_en": "",
    "province_id": 22
  },
  {
    "id": 2208,
    "name_th": "แก่งหางแมว",
    "name_en": "",
    "province_id": 22
  },
  {
    "id": 2209,
    "name_th": "นายายอาม",
    "name_en": "",
    "province_id": 22
  },
  {
    "id": 2210,
    "name_th": "เขาคิชฌกูฏ",
    "name_en": "",
    "province_id": 22
  },
  {
    "id": 2301,
    "name_th": "เมืองตราด",
    "name_en": "",
    "province_id": 23
  },
  {
    "id": 2302,
    "name_th": "คลองใหญ่",
    "name_en": "",
    "province_id": 23
  },
  {
    "id": 2303,
    "name_th": "เขาสมิง",
    "name_en": "",
    "province_id": 23
  },
  {
    "id": 2304,
    "name_th": "บ่อไร่",
    "name_en": "",
    "province_id": 23
  },
  {
    "id": 2305,
    "name_th": "แหลมงอบ",
    "name_en": "",
    "province_id": 23
  },
  {
    "id": 2306,
    "name_th": "เกาะกูด",
    "name_en": "",
    "province_id": 23
  },
  {
    "id": 2307,
    "name_th": "เกาะช้าง",
    "name_en": "",
    "province_id": 23
  },
  {
    "id": 2401,
    "name_th": "เมืองฉะเชิงเทรา",
    "name_en": "",
    "province_id": 24
  },
  {
    "id": 2402,
    "name_th": "บางคล้า",
    "name_en": "",
    "province_id": 24
  },
  {
    "id": 2403,
    "name_th": "บางน้ำเปรี้ยว",
    "name_en": "",
    "province_id": 24
  },
  {
    "id": 2404,
    "name_th": "บางปะกง",
    "name_en": "",
    "province_id": 24
  },
  {
    "id": 2405,
    "name_th": "บ้านโพธิ์",
    "name_en": "",
    "province_id": 24
  },
  {
    "id": 2406,
    "name_th": "พนมสารคาม",
    "name_en": "",
    "province_id": 24
  },
  {
    "id": 2407,
    "name_th": "ราชสาส์น",
    "name_en": "",
    "province_id": 24
  },
  {
    "id": 2408,
    "name_th": "สนามชัยเขต",
    "name_en": "",
    "province_id": 24
  },
  {
    "id": 2409,
    "name_th": "แปลงยาว",
    "name_en": "",
    "province_id": 24
  },
  {
    "id": 2410,
    "name_th": "ท่าตะเกียบ",
    "name_en": "",
    "province_id": 24
  },
  {
    "id": 2411,
    "name_th": "คลองเขื่อน",
    "name_en": "",
    "province_id": 24
  },
  {
    "id": 2601,
    "name_th": "เมืองนครนายก",
    "name_en": "",
    "province_id": 26
  },
  {
    "id": 2602,
    "name_th": "ปากพลี",
    "name_en": "",
    "province_id": 26
  },
  {
    "id": 2603,
    "name_th": "บ้านนา",
    "name_en": "",
    "province_id": 26
  },
  {
    "id": 2604,
    "name_th": "องครักษ์",
    "name_en": "",
    "province_id": 26
  },
  {
    "id": 2701,
    "name_th": "เมืองสระแก้ว",
    "name_en": "",
    "province_id": 27
  },
  {
    "id": 2702,
    "name_th": "คลองหาด",
    "name_en": "",
    "province_id": 27
  },
  {
    "id": 2703,
    "name_th": "ตาพระยา",
    "name_en": "",
    "province_id": 27
  },
  {
    "id": 2704,
    "name_th": "วังน้ำเย็น",
    "name_en": "",
    "province_id": 27
  },
  {
    "id": 2705,
    "name_th": "วัฒนานคร",
    "name_en": "",
    "province_id": 27
  },
  {
    "id": 2706,
    "name_th": "อรัญประเทศ",
    "name_en": "",
    "province_id": 27
  },
  {
    "id": 2707,
    "name_th": "เขาฉกรรจ์",
    "name_en": "",
    "province_id": 27
  },
  {
    "id": 2708,
    "name_th": "โคกสูง",
    "name_en": "",
    "province_id": 27
  },
  {
    "id": 2709,
    "name_th": "วังสมบูรณ์",
    "name_en": "",
    "province_id": 27
  },
  {
    "id": 3001,
    "name_th": "เมืองนครราชสีมา",
    "name_en": "",
    "province_id": 30
  },
  {
    "id": 3002,
    "name_th": "ครบุรี",
    "name_en": "",
    "province_id": 30
  },
  {
    "id": 3003,
    "name_th": "เสิงสาง",
    "name_en": "",
    "province_id": 30
  },
  {
    "id": 3004,
    "name_th": "คง",
    "name_en": "",
    "province_id": 30
  },
  {
    "id": 3005,
    "name_th": "บ้านเหลื่อม",
    "name_en": "",
    "province_id": 30
  },
  {
    "id": 3006,
    "name_th": "จักราช",
    "name_en": "",
    "province_id": 30
  },
  {
    "id": 3007,
    "name_th": "โชคชัย",
    "name_en": "",
    "province_id": 30
  },
  {
    "id": 3008,
    "name_th": "ด่านขุนทด",
    "name_en": "",
    "province_id": 30
  },
  {
    "id": 3009,
    "name_th": "โนนไทย",
    "name_en": "",
    "province_id": 30
  },
  {
    "id": 3010,
    "name_th": "โนนสูง",
    "name_en": "",
    "province_id": 30
  },
  {
    "id": 3011,
    "name_th": "ขามสะแกแสง",
    "name_en": "",
    "province_id": 30
  },
  {
    "id": 3012,
    "name_th": "บัวใหญ่",
    "name_en": "",
    "province_id": 30
  },
  {
    "id": 3013,
    "name_th": "ประทาย",
    "name_en": "",
    "province_id": 30
  },
  {
    "id": 3014,
    "name_th": "ปักธงชัย",
    "name_en": "",
    "province_id": 30
  },
  {
    "id": 3015,
    "name_th": "พิมาย",
    "name_en": "",
    "province_id": 30
  },
  {
    "id": 3016,
    "name_th": "ห้วยแถลง",
    "name_en": "",
    "province_id": 30
  },
  {
    "id": 3017,
    "name_th": "ชุมพวง",
    "name_en": "",
    "province_id": 30
  },
  {
    "id": 3018,
    "name_th": "สูงเนิน",
    "name_en": "",
    "province_id": 30
  },
  {
    "id": 3019,
    "name_th": "ขามทะเลสอ",
    "name_en": "",
    "province_id": 30
  },
  {
    "id": 3020,
    "name_th": "สีคิ้ว",
    "name_en": "",
    "province_id": 30
  },
  {
    "id": 3021,
    "name_th": "ปากช่อง",
    "name_en": "",
    "province_id": 30
  },
  {
    "id": 3022,
    "name_th": "หนองบุญมาก",
    "name_en": "",
    "province_id": 30
  },
  {
    "id": 3023,
    "name_th": "แก้งสนามนาง",
    "name_en": "",
    "province_id": 30
  },
  {
    "id": 3024,
    "name_th": "โนนแดง",
    "name_en": "",
    "province_id": 30
  },
  {
    "id": 3025,
    "name_th": "วังน้ำเขียว",
    "name_en": "",
    "province_id": 30
  },
  {
    "id": 3026,
    "name_th": "เทพารักษ์",
    "name_en": "",
    "province_id": 30
  },
  {
    "id": 3027,
    "name_th": "เมืองยาง",
    "name_en": "",
    "province_id": 30
  },
  {
    "id": 3028,
    "name_th": "พระทองคำ",
    "name_en": "",
    "province_id": 30
  },
  {
    "id": 3029,
    "name_th": "ลำทะเมนชัย",
    "name_en": "",
    "province_id": 30
  },
  {
    "id": 3030,
    "name_th": "บัวลาย",
    "name_en": "",
    "province_id": 30
  },
  {
    "id": 3031,
    "name_th": "สีดา",
    "name_en": "",
    "province_id": 30
  },
  {
    "id": 3032,
    "name_th": "เฉลิมพระเกียรติ",
    "name_en": "",
    "province_id": 30
  },
  {
    "id": 3102,
    "name_th": "คูเมือง",
    "name_en": "",
    "province_id": 31
  },
  {
    "id": 3103,
    "name_th": "กระสัง",
    "name_en": "",
    "province_id": 31
  },
  {
    "id": 3104,
    "name_th": "นางรอง",
    "name_en": "",
    "province_id": 31
  },
  {
    "id": 3118,
    "name_th": "ชำนิ",
    "name_en": "",
    "province_id": 31
  },
  {
    "id": 3201,
    "name_th": "เมืองสุรินทร์",
    "name_en": "",
    "province_id": 32
  },
  {
    "id": 3202,
    "name_th": "ชุมพลบุรี",
    "name_en": "",
    "province_id": 32
  },
  {
    "id": 3203,
    "name_th": "ท่าตูม",
    "name_en": "",
    "province_id": 32
  },
  {
    "id": 3204,
    "name_th": "จอมพระ",
    "name_en": "",
    "province_id": 32
  },
  {
    "id": 3205,
    "name_th": "ปราสาท",
    "name_en": "",
    "province_id": 32
  },
  {
    "id": 3206,
    "name_th": "กาบเชิง",
    "name_en": "",
    "province_id": 32
  },
  {
    "id": 3207,
    "name_th": "รัตนบุรี",
    "name_en": "",
    "province_id": 32
  },
  {
    "id": 3208,
    "name_th": "สนม",
    "name_en": "",
    "province_id": 32
  },
  {
    "id": 3209,
    "name_th": "ศีขรภูมิ",
    "name_en": "",
    "province_id": 32
  },
  {
    "id": 3210,
    "name_th": "สังขะ",
    "name_en": "",
    "province_id": 32
  },
  {
    "id": 3211,
    "name_th": "ลำดวน",
    "name_en": "",
    "province_id": 32
  },
  {
    "id": 3212,
    "name_th": "สำโรงทาบ",
    "name_en": "",
    "province_id": 32
  },
  {
    "id": 3213,
    "name_th": "บัวเชด",
    "name_en": "",
    "province_id": 32
  },
  {
    "id": 3214,
    "name_th": "พนมดงรัก",
    "name_en": "",
    "province_id": 32
  },
  {
    "id": 3215,
    "name_th": "ศรีณรงค์",
    "name_en": "",
    "province_id": 32
  },
  {
    "id": 3216,
    "name_th": "เขวาสินรินทร์",
    "name_en": "",
    "province_id": 32
  },
  {
    "id": 3217,
    "name_th": "โนนนารายณ์",
    "name_en": "",
    "province_id": 32
  },
  {
    "id": 3301,
    "name_th": "เมืองศรีสะเกษ",
    "name_en": "",
    "province_id": 33
  },
  {
    "id": 3302,
    "name_th": "ยางชุมน้อย",
    "name_en": "",
    "province_id": 33
  },
  {
    "id": 3303,
    "name_th": "กันทรารมย์",
    "name_en": "",
    "province_id": 33
  },
  {
    "id": 3304,
    "name_th": "กันทรลักษ์",
    "name_en": "",
    "province_id": 33
  },
  {
    "id": 3305,
    "name_th": "ขุขันธ์",
    "name_en": "",
    "province_id": 33
  },
  {
    "id": 3306,
    "name_th": "ไพรบึง",
    "name_en": "",
    "province_id": 33
  },
  {
    "id": 3307,
    "name_th": "ปรางค์กู่",
    "name_en": "",
    "province_id": 33
  },
  {
    "id": 3308,
    "name_th": "ขุนหาญ",
    "name_en": "",
    "province_id": 33
  },
  {
    "id": 3309,
    "name_th": "ราษีไศล",
    "name_en": "",
    "province_id": 33
  },
  {
    "id": 3310,
    "name_th": "อุทุมพรพิสัย",
    "name_en": "",
    "province_id": 33
  },
  {
    "id": 3311,
    "name_th": "บึงบูรพ์",
    "name_en": "",
    "province_id": 33
  },
  {
    "id": 3312,
    "name_th": "ห้วยทับทัน",
    "name_en": "",
    "province_id": 33
  },
  {
    "id": 3313,
    "name_th": "โนนคูณ",
    "name_en": "",
    "province_id": 33
  },
  {
    "id": 3314,
    "name_th": "ศรีรัตนะ",
    "name_en": "",
    "province_id": 33
  },
  {
    "id": 3315,
    "name_th": "น้ำเกลี้ยง",
    "name_en": "",
    "province_id": 33
  },
  {
    "id": 3316,
    "name_th": "วังหิน",
    "name_en": "",
    "province_id": 33
  },
  {
    "id": 3317,
    "name_th": "ภูสิงห์",
    "name_en": "",
    "province_id": 33
  },
  {
    "id": 3318,
    "name_th": "เมืองจันทร์",
    "name_en": "",
    "province_id": 33
  },
  {
    "id": 3319,
    "name_th": "เบญจลักษ์",
    "name_en": "",
    "province_id": 33
  },
  {
    "id": 3320,
    "name_th": "พยุห์",
    "name_en": "",
    "province_id": 33
  },
  {
    "id": 3321,
    "name_th": "โพธิ์ศรีสุวรรณ",
    "name_en": "",
    "province_id": 33
  },
  {
    "id": 3322,
    "name_th": "ศิลาลาด",
    "name_en": "",
    "province_id": 33
  },
  {
    "id": 3401,
    "name_th": "เมืองอุบลราชธานี",
    "name_en": "",
    "province_id": 34
  },
  {
    "id": 3402,
    "name_th": "ศรีเมืองใหม่",
    "name_en": "",
    "province_id": 34
  },
  {
    "id": 3403,
    "name_th": "โขงเจียม",
    "name_en": "",
    "province_id": 34
  },
  {
    "id": 3404,
    "name_th": "เขื่องใน",
    "name_en": "",
    "province_id": 34
  },
  {
    "id": 3405,
    "name_th": "เขมราฐ",
    "name_en": "",
    "province_id": 34
  },
  {
    "id": 3407,
    "name_th": "เดชอุดม",
    "name_en": "",
    "province_id": 34
  },
  {
    "id": 3408,
    "name_th": "นาจะหลวย",
    "name_en": "",
    "province_id": 34
  },
  {
    "id": 3409,
    "name_th": "น้ำยืน",
    "name_en": "",
    "province_id": 34
  },
  {
    "id": 3410,
    "name_th": "บุณฑริก",
    "name_en": "",
    "province_id": 34
  },
  {
    "id": 3411,
    "name_th": "ตระการพืชผล",
    "name_en": "",
    "province_id": 34
  },
  {
    "id": 3412,
    "name_th": "กุดข้าวปุ้น",
    "name_en": "",
    "province_id": 34
  },
  {
    "id": 3414,
    "name_th": "ม่วงสามสิบ",
    "name_en": "",
    "province_id": 34
  },
  {
    "id": 3415,
    "name_th": "วารินชำราบ",
    "name_en": "",
    "province_id": 34
  },
  {
    "id": 3419,
    "name_th": "พิบูลมังสาหาร",
    "name_en": "",
    "province_id": 34
  },
  {
    "id": 3420,
    "name_th": "ตาลสุม",
    "name_en": "",
    "province_id": 34
  },
  {
    "id": 3421,
    "name_th": "โพธิ์ไทร",
    "name_en": "",
    "province_id": 34
  },
  {
    "id": 3422,
    "name_th": "สำโรง",
    "name_en": "",
    "province_id": 34
  },
  {
    "id": 3424,
    "name_th": "ดอนมดแดง",
    "name_en": "",
    "province_id": 34
  },
  {
    "id": 3425,
    "name_th": "สิรินธร",
    "name_en": "",
    "province_id": 34
  },
  {
    "id": 3426,
    "name_th": "ทุ่งศรีอุดม",
    "name_en": "",
    "province_id": 34
  },
  {
    "id": 3429,
    "name_th": "นาเยีย",
    "name_en": "",
    "province_id": 34
  },
  {
    "id": 3430,
    "name_th": "นาตาล",
    "name_en": "",
    "province_id": 34
  },
  {
    "id": 3431,
    "name_th": "เหล่าเสือโก้ก",
    "name_en": "",
    "province_id": 34
  },
  {
    "id": 3432,
    "name_th": "สว่างวีระวงศ์",
    "name_en": "",
    "province_id": 34
  },
  {
    "id": 3433,
    "name_th": "น้ำขุ่น",
    "name_en": "",
    "province_id": 34
  },
  {
    "id": 3501,
    "name_th": "เมืองยโสธร",
    "name_en": "",
    "province_id": 35
  },
  {
    "id": 3502,
    "name_th": "ทรายมูล",
    "name_en": "",
    "province_id": 35
  },
  {
    "id": 3503,
    "name_th": "กุดชุม",
    "name_en": "",
    "province_id": 35
  },
  {
    "id": 3504,
    "name_th": "คำเขื่อนแก้ว",
    "name_en": "",
    "province_id": 35
  },
  {
    "id": 3505,
    "name_th": "ป่าติ้ว",
    "name_en": "",
    "province_id": 35
  },
  {
    "id": 3506,
    "name_th": "มหาชนะชัย",
    "name_en": "",
    "province_id": 35
  },
  {
    "id": 3507,
    "name_th": "ค้อวัง",
    "name_en": "",
    "province_id": 35
  },
  {
    "id": 3508,
    "name_th": "เลิงนกทา",
    "name_en": "",
    "province_id": 35
  },
  {
    "id": 3509,
    "name_th": "ไทยเจริญ",
    "name_en": "",
    "province_id": 35
  },
  {
    "id": 3601,
    "name_th": "เมืองชัยภูมิ",
    "name_en": "",
    "province_id": 36
  },
  {
    "id": 3602,
    "name_th": "บ้านเขว้า",
    "name_en": "",
    "province_id": 36
  },
  {
    "id": 3603,
    "name_th": "คอนสวรรค์",
    "name_en": "",
    "province_id": 36
  },
  {
    "id": 3604,
    "name_th": "เกษตรสมบูรณ์",
    "name_en": "",
    "province_id": 36
  },
  {
    "id": 3605,
    "name_th": "หนองบัวแดง",
    "name_en": "",
    "province_id": 36
  },
  {
    "id": 3606,
    "name_th": "จัตุรัส",
    "name_en": "",
    "province_id": 36
  },
  {
    "id": 3607,
    "name_th": "บำเหน็จณรงค์",
    "name_en": "",
    "province_id": 36
  },
  {
    "id": 3608,
    "name_th": "หนองบัวระเหว",
    "name_en": "",
    "province_id": 36
  },
  {
    "id": 3609,
    "name_th": "เทพสถิต",
    "name_en": "",
    "province_id": 36
  },
  {
    "id": 3610,
    "name_th": "ภูเขียว",
    "name_en": "",
    "province_id": 36
  },
  {
    "id": 3611,
    "name_th": "บ้านแท่น",
    "name_en": "",
    "province_id": 36
  },
  {
    "id": 3612,
    "name_th": "แก้งคร้อ",
    "name_en": "",
    "province_id": 36
  },
  {
    "id": 3613,
    "name_th": "คอนสาร",
    "name_en": "",
    "province_id": 36
  },
  {
    "id": 3614,
    "name_th": "ภักดีชุมพล",
    "name_en": "",
    "province_id": 36
  },
  {
    "id": 3615,
    "name_th": "เนินสง่า",
    "name_en": "",
    "province_id": 36
  },
  {
    "id": 3616,
    "name_th": "ซับใหญ่",
    "name_en": "",
    "province_id": 36
  },
  {
    "id": 3701,
    "name_th": "เมืองอำนาจเจริญ",
    "name_en": "",
    "province_id": 37
  },
  {
    "id": 3702,
    "name_th": "ชานุมาน",
    "name_en": "",
    "province_id": 37
  },
  {
    "id": 3703,
    "name_th": "ปทุมราชวงศา",
    "name_en": "",
    "province_id": 37
  },
  {
    "id": 3704,
    "name_th": "พนา",
    "name_en": "",
    "province_id": 37
  },
  {
    "id": 3705,
    "name_th": "เสนางคนิคม",
    "name_en": "",
    "province_id": 37
  },
  {
    "id": 3706,
    "name_th": "หัวตะพาน",
    "name_en": "",
    "province_id": 37
  },
  {
    "id": 3707,
    "name_th": "ลืออำนาจ",
    "name_en": "",
    "province_id": 37
  },
  {
    "id": 3901,
    "name_th": "เมืองหนองบัวลำภู",
    "name_en": "",
    "province_id": 39
  },
  {
    "id": 3902,
    "name_th": "นากลาง",
    "name_en": "",
    "province_id": 39
  },
  {
    "id": 3903,
    "name_th": "โนนสัง",
    "name_en": "",
    "province_id": 39
  },
  {
    "id": 3904,
    "name_th": "ศรีบุญเรือง",
    "name_en": "",
    "province_id": 39
  },
  {
    "id": 3905,
    "name_th": "สุวรรณคูหา",
    "name_en": "",
    "province_id": 39
  },
  {
    "id": 3906,
    "name_th": "นาวัง",
    "name_en": "",
    "province_id": 39
  },
  {
    "id": 4001,
    "name_th": "เมืองขอนแก่น",
    "name_en": "",
    "province_id": 40
  },
  {
    "id": 4002,
    "name_th": "บ้านฝาง",
    "name_en": "",
    "province_id": 40
  },
  {
    "id": 4003,
    "name_th": "พระยืน",
    "name_en": "",
    "province_id": 40
  },
  {
    "id": 4004,
    "name_th": "หนองเรือ",
    "name_en": "",
    "province_id": 40
  },
  {
    "id": 4005,
    "name_th": "ชุมแพ",
    "name_en": "",
    "province_id": 40
  },
  {
    "id": 4006,
    "name_th": "สีชมพู",
    "name_en": "",
    "province_id": 40
  },
  {
    "id": 4007,
    "name_th": "น้ำพอง",
    "name_en": "",
    "province_id": 40
  },
  {
    "id": 4008,
    "name_th": "อุบลรัตน์",
    "name_en": "",
    "province_id": 40
  },
  {
    "id": 4009,
    "name_th": "กระนวน",
    "name_en": "",
    "province_id": 40
  },
  {
    "id": 4010,
    "name_th": "บ้านไผ่",
    "name_en": "",
    "province_id": 40
  },
  {
    "id": 4011,
    "name_th": "เปือยน้อย",
    "name_en": "",
    "province_id": 40
  },
  {
    "id": 4012,
    "name_th": "พล",
    "name_en": "",
    "province_id": 40
  },
  {
    "id": 4013,
    "name_th": "แวงใหญ่",
    "name_en": "",
    "province_id": 40
  },
  {
    "id": 4014,
    "name_th": "แวงน้อย",
    "name_en": "",
    "province_id": 40
  },
  {
    "id": 4015,
    "name_th": "หนองสองห้อง",
    "name_en": "",
    "province_id": 40
  },
  {
    "id": 4016,
    "name_th": "ภูเวียง",
    "name_en": "",
    "province_id": 40
  },
  {
    "id": 4017,
    "name_th": "มัญจาคีรี",
    "name_en": "",
    "province_id": 40
  },
  {
    "id": 4018,
    "name_th": "ชนบท",
    "name_en": "",
    "province_id": 40
  },
  {
    "id": 4019,
    "name_th": "เขาสวนกวาง",
    "name_en": "",
    "province_id": 40
  },
  {
    "id": 4020,
    "name_th": "ภูผาม่าน",
    "name_en": "",
    "province_id": 40
  },
  {
    "id": 4021,
    "name_th": "ซำสูง",
    "name_en": "",
    "province_id": 40
  },
  {
    "id": 4022,
    "name_th": "โคกโพธิ์ไชย",
    "name_en": "",
    "province_id": 40
  },
  {
    "id": 4023,
    "name_th": "หนองนาคำ",
    "name_en": "",
    "province_id": 40
  },
  {
    "id": 4024,
    "name_th": "บ้านแฮด",
    "name_en": "",
    "province_id": 40
  },
  {
    "id": 4025,
    "name_th": "โนนศิลา",
    "name_en": "",
    "province_id": 40
  },
  {
    "id": 4029,
    "name_th": "เวียงเก่า",
    "name_en": "",
    "province_id": 40
  },
  {
    "id": 4101,
    "name_th": "เมืองอุดรธานี",
    "name_en": "",
    "province_id": 41
  },
  {
    "id": 4102,
    "name_th": "กุดจับ",
    "name_en": "",
    "province_id": 41
  },
  {
    "id": 4103,
    "name_th": "หนองวัวซอ",
    "name_en": "",
    "province_id": 41
  },
  {
    "id": 4104,
    "name_th": "กุมภวาปี",
    "name_en": "",
    "province_id": 41
  },
  {
    "id": 4105,
    "name_th": "โนนสะอาด",
    "name_en": "",
    "province_id": 41
  },
  {
    "id": 4106,
    "name_th": "หนองหาน",
    "name_en": "",
    "province_id": 41
  },
  {
    "id": 4107,
    "name_th": "ทุ่งฝน",
    "name_en": "",
    "province_id": 41
  },
  {
    "id": 4108,
    "name_th": "ไชยวาน",
    "name_en": "",
    "province_id": 41
  },
  {
    "id": 4109,
    "name_th": "ศรีธาตุ",
    "name_en": "",
    "province_id": 41
  },
  {
    "id": 4110,
    "name_th": "วังสามหมอ",
    "name_en": "",
    "province_id": 41
  },
  {
    "id": 4111,
    "name_th": "บ้านดุง",
    "name_en": "",
    "province_id": 41
  },
  {
    "id": 4117,
    "name_th": "บ้านผือ",
    "name_en": "",
    "province_id": 41
  },
  {
    "id": 4118,
    "name_th": "น้ำโสม",
    "name_en": "",
    "province_id": 41
  },
  {
    "id": 4119,
    "name_th": "เพ็ญ",
    "name_en": "",
    "province_id": 41
  },
  {
    "id": 4120,
    "name_th": "สร้างคอม",
    "name_en": "",
    "province_id": 41
  },
  {
    "id": 4121,
    "name_th": "หนองแสง",
    "name_en": "",
    "province_id": 41
  },
  {
    "id": 4122,
    "name_th": "นายูง",
    "name_en": "",
    "province_id": 41
  },
  {
    "id": 4123,
    "name_th": "พิบูลย์รักษ์",
    "name_en": "",
    "province_id": 41
  },
  {
    "id": 4124,
    "name_th": "กู่แก้ว",
    "name_en": "",
    "province_id": 41
  },
  {
    "id": 4125,
    "name_th": "ประจักษ์ศิลปาคม",
    "name_en": "",
    "province_id": 41
  },
  {
    "id": 4201,
    "name_th": "เมืองเลย",
    "name_en": "",
    "province_id": 42
  },
  {
    "id": 4202,
    "name_th": "นาด้วง",
    "name_en": "",
    "province_id": 42
  },
  {
    "id": 4203,
    "name_th": "เชียงคาน",
    "name_en": "",
    "province_id": 42
  },
  {
    "id": 4204,
    "name_th": "ปากชม",
    "name_en": "",
    "province_id": 42
  },
  {
    "id": 4205,
    "name_th": "ด่านซ้าย",
    "name_en": "",
    "province_id": 42
  },
  {
    "id": 4206,
    "name_th": "นาแห้ว",
    "name_en": "",
    "province_id": 42
  },
  {
    "id": 4207,
    "name_th": "ภูเรือ",
    "name_en": "",
    "province_id": 42
  },
  {
    "id": 4208,
    "name_th": "ท่าลี่",
    "name_en": "",
    "province_id": 42
  },
  {
    "id": 4209,
    "name_th": "วังสะพุง",
    "name_en": "",
    "province_id": 42
  },
  {
    "id": 4210,
    "name_th": "ภูกระดึง",
    "name_en": "",
    "province_id": 42
  },
  {
    "id": 4211,
    "name_th": "ภูหลวง",
    "name_en": "",
    "province_id": 42
  },
  {
    "id": 4212,
    "name_th": "ผาขาว",
    "name_en": "",
    "province_id": 42
  },
  {
    "id": 4213,
    "name_th": "เอราวัณ",
    "name_en": "",
    "province_id": 42
  },
  {
    "id": 4214,
    "name_th": "หนองหิน",
    "name_en": "",
    "province_id": 42
  },
  {
    "id": 4301,
    "name_th": "เมืองหนองคาย",
    "name_en": "",
    "province_id": 43
  },
  {
    "id": 4302,
    "name_th": "ท่าบ่อ",
    "name_en": "",
    "province_id": 43
  },
  {
    "id": 4305,
    "name_th": "โพนพิสัย",
    "name_en": "",
    "province_id": 43
  },
  {
    "id": 4307,
    "name_th": "ศรีเชียงใหม่",
    "name_en": "",
    "province_id": 43
  },
  {
    "id": 4308,
    "name_th": "สังคม",
    "name_en": "",
    "province_id": 43
  },
  {
    "id": 4314,
    "name_th": "สระใคร",
    "name_en": "",
    "province_id": 43
  },
  {
    "id": 4315,
    "name_th": "เฝ้าไร่",
    "name_en": "",
    "province_id": 43
  },
  {
    "id": 4316,
    "name_th": "รัตนวาปี",
    "name_en": "",
    "province_id": 43
  },
  {
    "id": 4317,
    "name_th": "โพธิ์ตาก",
    "name_en": "",
    "province_id": 43
  },
  {
    "id": 4401,
    "name_th": "เมืองมหาสารคาม",
    "name_en": "",
    "province_id": 44
  },
  {
    "id": 4402,
    "name_th": "แกดำ",
    "name_en": "",
    "province_id": 44
  },
  {
    "id": 4403,
    "name_th": "โกสุมพิสัย",
    "name_en": "",
    "province_id": 44
  },
  {
    "id": 4404,
    "name_th": "กันทรวิชัย",
    "name_en": "",
    "province_id": 44
  },
  {
    "id": 4405,
    "name_th": "เชียงยืน",
    "name_en": "",
    "province_id": 44
  },
  {
    "id": 4406,
    "name_th": "บรบือ",
    "name_en": "",
    "province_id": 44
  },
  {
    "id": 4407,
    "name_th": "นาเชือก",
    "name_en": "",
    "province_id": 44
  },
  {
    "id": 4408,
    "name_th": "พยัคฆภูมิพิสัย",
    "name_en": "",
    "province_id": 44
  },
  {
    "id": 4409,
    "name_th": "วาปีปทุม",
    "name_en": "",
    "province_id": 44
  },
  {
    "id": 4410,
    "name_th": "นาดูน",
    "name_en": "",
    "province_id": 44
  },
  {
    "id": 4411,
    "name_th": "ยางสีสุราช",
    "name_en": "",
    "province_id": 44
  },
  {
    "id": 4412,
    "name_th": "กุดรัง",
    "name_en": "",
    "province_id": 44
  },
  {
    "id": 4413,
    "name_th": "ชื่นชม",
    "name_en": "",
    "province_id": 44
  },
  {
    "id": 4501,
    "name_th": "เมืองร้อยเอ็ด",
    "name_en": "",
    "province_id": 45
  },
  {
    "id": 4502,
    "name_th": "เกษตรวิสัย",
    "name_en": "",
    "province_id": 45
  },
  {
    "id": 4503,
    "name_th": "ปทุมรัตต์",
    "name_en": "",
    "province_id": 45
  },
  {
    "id": 4505,
    "name_th": "ธวัชบุรี",
    "name_en": "",
    "province_id": 45
  },
  {
    "id": 4506,
    "name_th": "พนมไพร",
    "name_en": "",
    "province_id": 45
  },
  {
    "id": 4507,
    "name_th": "โพนทอง",
    "name_en": "",
    "province_id": 45
  },
  {
    "id": 4508,
    "name_th": "โพธิ์ชัย",
    "name_en": "",
    "province_id": 45
  },
  {
    "id": 4509,
    "name_th": "หนองพอก",
    "name_en": "",
    "province_id": 45
  },
  {
    "id": 4510,
    "name_th": "เสลภูมิ",
    "name_en": "",
    "province_id": 45
  },
  {
    "id": 4511,
    "name_th": "สุวรรณภูมิ",
    "name_en": "",
    "province_id": 45
  },
  {
    "id": 4512,
    "name_th": "เมืองสรวง",
    "name_en": "",
    "province_id": 45
  },
  {
    "id": 4513,
    "name_th": "โพนทราย",
    "name_en": "",
    "province_id": 45
  },
  {
    "id": 4514,
    "name_th": "อาจสามารถ",
    "name_en": "",
    "province_id": 45
  },
  {
    "id": 4515,
    "name_th": "เมยวดี",
    "name_en": "",
    "province_id": 45
  },
  {
    "id": 4516,
    "name_th": "ศรีสมเด็จ",
    "name_en": "",
    "province_id": 45
  },
  {
    "id": 4517,
    "name_th": "จังหาร",
    "name_en": "",
    "province_id": 45
  },
  {
    "id": 4518,
    "name_th": "เชียงขวัญ",
    "name_en": "",
    "province_id": 45
  },
  {
    "id": 4519,
    "name_th": "หนองฮี",
    "name_en": "",
    "province_id": 45
  },
  {
    "id": 4520,
    "name_th": "ทุ่งเขาหลวง",
    "name_en": "",
    "province_id": 45
  },
  {
    "id": 4601,
    "name_th": "เมืองกาฬสินธุ์",
    "name_en": "",
    "province_id": 46
  },
  {
    "id": 4602,
    "name_th": "นามน",
    "name_en": "",
    "province_id": 46
  },
  {
    "id": 4603,
    "name_th": "กมลาไสย",
    "name_en": "",
    "province_id": 46
  },
  {
    "id": 4604,
    "name_th": "ร่องคำ",
    "name_en": "",
    "province_id": 46
  },
  {
    "id": 4605,
    "name_th": "กุฉินารายณ์",
    "name_en": "",
    "province_id": 46
  },
  {
    "id": 4606,
    "name_th": "เขาวง",
    "name_en": "",
    "province_id": 46
  },
  {
    "id": 4607,
    "name_th": "ยางตลาด",
    "name_en": "",
    "province_id": 46
  },
  {
    "id": 4608,
    "name_th": "ห้วยเม็ก",
    "name_en": "",
    "province_id": 46
  },
  {
    "id": 4609,
    "name_th": "สหัสขันธ์",
    "name_en": "",
    "province_id": 46
  },
  {
    "id": 4610,
    "name_th": "คำม่วง",
    "name_en": "",
    "province_id": 46
  },
  {
    "id": 4611,
    "name_th": "ท่าคันโท",
    "name_en": "",
    "province_id": 46
  },
  {
    "id": 4612,
    "name_th": "หนองกุงศรี",
    "name_en": "",
    "province_id": 46
  },
  {
    "id": 4613,
    "name_th": "สมเด็จ",
    "name_en": "",
    "province_id": 46
  },
  {
    "id": 4614,
    "name_th": "ห้วยผึ้ง",
    "name_en": "",
    "province_id": 46
  },
  {
    "id": 4615,
    "name_th": "สามชัย",
    "name_en": "",
    "province_id": 46
  },
  {
    "id": 4616,
    "name_th": "นาคู",
    "name_en": "",
    "province_id": 46
  },
  {
    "id": 4617,
    "name_th": "ดอนจาน",
    "name_en": "",
    "province_id": 46
  },
  {
    "id": 4618,
    "name_th": "ฆ้องชัย",
    "name_en": "",
    "province_id": 46
  },
  {
    "id": 4701,
    "name_th": "เมืองสกลนคร",
    "name_en": "",
    "province_id": 47
  },
  {
    "id": 4702,
    "name_th": "กุสุมาลย์",
    "name_en": "",
    "province_id": 47
  },
  {
    "id": 4703,
    "name_th": "กุดบาก",
    "name_en": "",
    "province_id": 47
  },
  {
    "id": 4704,
    "name_th": "พรรณานิคม",
    "name_en": "",
    "province_id": 47
  },
  {
    "id": 4705,
    "name_th": "พังโคน",
    "name_en": "",
    "province_id": 47
  },
  {
    "id": 4706,
    "name_th": "วาริชภูมิ",
    "name_en": "",
    "province_id": 47
  },
  {
    "id": 4707,
    "name_th": "นิคมน้ำอูน",
    "name_en": "",
    "province_id": 47
  },
  {
    "id": 4708,
    "name_th": "วานรนิวาส",
    "name_en": "",
    "province_id": 47
  },
  {
    "id": 4709,
    "name_th": "คำตากล้า",
    "name_en": "",
    "province_id": 47
  },
  {
    "id": 4710,
    "name_th": "บ้านม่วง",
    "name_en": "",
    "province_id": 47
  },
  {
    "id": 4711,
    "name_th": "อากาศอำนวย",
    "name_en": "",
    "province_id": 47
  },
  {
    "id": 4712,
    "name_th": "สว่างแดนดิน",
    "name_en": "",
    "province_id": 47
  },
  {
    "id": 4713,
    "name_th": "ส่องดาว",
    "name_en": "",
    "province_id": 47
  },
  {
    "id": 4714,
    "name_th": "เต่างอย",
    "name_en": "",
    "province_id": 47
  },
  {
    "id": 4715,
    "name_th": "โคกศรีสุพรรณ",
    "name_en": "",
    "province_id": 47
  },
  {
    "id": 4716,
    "name_th": "เจริญศิลป์",
    "name_en": "",
    "province_id": 47
  },
  {
    "id": 4717,
    "name_th": "โพนนาแก้ว",
    "name_en": "",
    "province_id": 47
  },
  {
    "id": 4718,
    "name_th": "ภูพาน",
    "name_en": "",
    "province_id": 47
  },
  {
    "id": 4801,
    "name_th": "เมืองนครพนม",
    "name_en": "",
    "province_id": 48
  },
  {
    "id": 4802,
    "name_th": "ปลาปาก",
    "name_en": "",
    "province_id": 48
  },
  {
    "id": 4803,
    "name_th": "ท่าอุเทน",
    "name_en": "",
    "province_id": 48
  },
  {
    "id": 4804,
    "name_th": "บ้านแพง",
    "name_en": "",
    "province_id": 48
  },
  {
    "id": 4805,
    "name_th": "ธาตุพนม",
    "name_en": "",
    "province_id": 48
  },
  {
    "id": 4806,
    "name_th": "เรณูนคร",
    "name_en": "",
    "province_id": 48
  },
  {
    "id": 4807,
    "name_th": "นาแก",
    "name_en": "",
    "province_id": 48
  },
  {
    "id": 4808,
    "name_th": "ศรีสงคราม",
    "name_en": "",
    "province_id": 48
  },
  {
    "id": 4809,
    "name_th": "นาหว้า",
    "name_en": "",
    "province_id": 48
  },
  {
    "id": 4810,
    "name_th": "โพนสวรรค์",
    "name_en": "",
    "province_id": 48
  },
  {
    "id": 4811,
    "name_th": "นาทม",
    "name_en": "",
    "province_id": 48
  },
  {
    "id": 4812,
    "name_th": "วังยาง",
    "name_en": "",
    "province_id": 48
  },
  {
    "id": 4901,
    "name_th": "เมืองมุกดาหาร",
    "name_en": "",
    "province_id": 49
  },
  {
    "id": 4902,
    "name_th": "นิคมคำสร้อย",
    "name_en": "",
    "province_id": 49
  },
  {
    "id": 4903,
    "name_th": "ดอนตาล",
    "name_en": "",
    "province_id": 49
  },
  {
    "id": 4904,
    "name_th": "ดงหลวง",
    "name_en": "",
    "province_id": 49
  },
  {
    "id": 4905,
    "name_th": "คำชะอี",
    "name_en": "",
    "province_id": 49
  },
  {
    "id": 4906,
    "name_th": "หว้านใหญ่",
    "name_en": "",
    "province_id": 49
  },
  {
    "id": 4907,
    "name_th": "หนองสูง",
    "name_en": "",
    "province_id": 49
  },
  {
    "id": 5001,
    "name_th": "เมืองเชียงใหม่",
    "name_en": "",
    "province_id": 50
  },
  {
    "id": 5002,
    "name_th": "จอมทอง",
    "name_en": "",
    "province_id": 50
  },
  {
    "id": 5003,
    "name_th": "แม่แจ่ม",
    "name_en": "",
    "province_id": 50
  },
  {
    "id": 5004,
    "name_th": "เชียงดาว",
    "name_en": "",
    "province_id": 50
  },
  {
    "id": 5005,
    "name_th": "ดอยสะเก็ด",
    "name_en": "",
    "province_id": 50
  },
  {
    "id": 5006,
    "name_th": "แม่แตง",
    "name_en": "",
    "province_id": 50
  },
  {
    "id": 5007,
    "name_th": "แม่ริม",
    "name_en": "",
    "province_id": 50
  },
  {
    "id": 5008,
    "name_th": "สะเมิง",
    "name_en": "",
    "province_id": 50
  },
  {
    "id": 5009,
    "name_th": "ฝาง",
    "name_en": "",
    "province_id": 50
  },
  {
    "id": 5010,
    "name_th": "แม่อาย",
    "name_en": "",
    "province_id": 50
  },
  {
    "id": 5011,
    "name_th": "พร้าว",
    "name_en": "",
    "province_id": 50
  },
  {
    "id": 5012,
    "name_th": "สันป่าตอง",
    "name_en": "",
    "province_id": 50
  },
  {
    "id": 5013,
    "name_th": "สันกำแพง",
    "name_en": "",
    "province_id": 50
  },
  {
    "id": 5014,
    "name_th": "สันทราย",
    "name_en": "",
    "province_id": 50
  },
  {
    "id": 5015,
    "name_th": "หางดง",
    "name_en": "",
    "province_id": 50
  },
  {
    "id": 5016,
    "name_th": "ฮอด",
    "name_en": "",
    "province_id": 50
  },
  {
    "id": 5017,
    "name_th": "ดอยเต่า",
    "name_en": "",
    "province_id": 50
  },
  {
    "id": 5018,
    "name_th": "อมก๋อย",
    "name_en": "",
    "province_id": 50
  },
  {
    "id": 5019,
    "name_th": "สารภี",
    "name_en": "",
    "province_id": 50
  },
  {
    "id": 5020,
    "name_th": "เวียงแหง",
    "name_en": "",
    "province_id": 50
  },
  {
    "id": 5021,
    "name_th": "ไชยปราการ",
    "name_en": "",
    "province_id": 50
  },
  {
    "id": 5022,
    "name_th": "แม่วาง",
    "name_en": "",
    "province_id": 50
  },
  {
    "id": 5023,
    "name_th": "แม่ออน",
    "name_en": "",
    "province_id": 50
  },
  {
    "id": 5024,
    "name_th": "ดอยหล่อ",
    "name_en": "",
    "province_id": 50
  },
  {
    "id": 5101,
    "name_th": "เมืองลำพูน",
    "name_en": "",
    "province_id": 51
  },
  {
    "id": 5102,
    "name_th": "แม่ทา",
    "name_en": "",
    "province_id": 51
  },
  {
    "id": 5103,
    "name_th": "บ้านโฮ่ง",
    "name_en": "",
    "province_id": 51
  },
  {
    "id": 5104,
    "name_th": "ลี้",
    "name_en": "",
    "province_id": 51
  },
  {
    "id": 5105,
    "name_th": "ทุ่งหัวช้าง",
    "name_en": "",
    "province_id": 51
  },
  {
    "id": 5106,
    "name_th": "ป่าซาง",
    "name_en": "",
    "province_id": 51
  },
  {
    "id": 5107,
    "name_th": "บ้านธิ",
    "name_en": "",
    "province_id": 51
  },
  {
    "id": 5108,
    "name_th": "เวียงหนองล่อง",
    "name_en": "",
    "province_id": 51
  },
  {
    "id": 5201,
    "name_th": "เมืองลำปาง",
    "name_en": "",
    "province_id": 52
  },
  {
    "id": 5202,
    "name_th": "แม่เมาะ",
    "name_en": "",
    "province_id": 52
  },
  {
    "id": 5203,
    "name_th": "เกาะคา",
    "name_en": "",
    "province_id": 52
  },
  {
    "id": 5204,
    "name_th": "เสริมงาม",
    "name_en": "",
    "province_id": 52
  },
  {
    "id": 5205,
    "name_th": "งาว",
    "name_en": "",
    "province_id": 52
  },
  {
    "id": 5206,
    "name_th": "แจ้ห่ม",
    "name_en": "",
    "province_id": 52
  },
  {
    "id": 5207,
    "name_th": "วังเหนือ",
    "name_en": "",
    "province_id": 52
  },
  {
    "id": 5208,
    "name_th": "เถิน",
    "name_en": "",
    "province_id": 52
  },
  {
    "id": 5209,
    "name_th": "แม่พริก",
    "name_en": "",
    "province_id": 52
  },
  {
    "id": 5210,
    "name_th": "แม่ทะ",
    "name_en": "",
    "province_id": 52
  },
  {
    "id": 5211,
    "name_th": "สบปราบ",
    "name_en": "",
    "province_id": 52
  },
  {
    "id": 5212,
    "name_th": "ห้างฉัตร",
    "name_en": "",
    "province_id": 52
  },
  {
    "id": 5213,
    "name_th": "เมืองปาน",
    "name_en": "",
    "province_id": 52
  },
  {
    "id": 5301,
    "name_th": "เมืองอุตรดิตถ์",
    "name_en": "",
    "province_id": 53
  },
  {
    "id": 5302,
    "name_th": "ตรอน",
    "name_en": "",
    "province_id": 53
  },
  {
    "id": 5303,
    "name_th": "ท่าปลา",
    "name_en": "",
    "province_id": 53
  },
  {
    "id": 5304,
    "name_th": "น้ำปาด",
    "name_en": "",
    "province_id": 53
  },
  {
    "id": 5305,
    "name_th": "ฟากท่า",
    "name_en": "",
    "province_id": 53
  },
  {
    "id": 5306,
    "name_th": "บ้านโคก",
    "name_en": "",
    "province_id": 53
  },
  {
    "id": 5307,
    "name_th": "พิชัย",
    "name_en": "",
    "province_id": 53
  },
  {
    "id": 5308,
    "name_th": "ลับแล",
    "name_en": "",
    "province_id": 53
  },
  {
    "id": 5309,
    "name_th": "ทองแสนขัน",
    "name_en": "",
    "province_id": 53
  },
  {
    "id": 5401,
    "name_th": "เมืองแพร่",
    "name_en": "",
    "province_id": 54
  },
  {
    "id": 5402,
    "name_th": "ร้องกวาง",
    "name_en": "",
    "province_id": 54
  },
  {
    "id": 5403,
    "name_th": "ลอง",
    "name_en": "",
    "province_id": 54
  },
  {
    "id": 5404,
    "name_th": "สูงเม่น",
    "name_en": "",
    "province_id": 54
  },
  {
    "id": 5405,
    "name_th": "เด่นชัย",
    "name_en": "",
    "province_id": 54
  },
  {
    "id": 5406,
    "name_th": "สอง",
    "name_en": "",
    "province_id": 54
  },
  {
    "id": 5407,
    "name_th": "วังชิ้น",
    "name_en": "",
    "province_id": 54
  },
  {
    "id": 5408,
    "name_th": "หนองม่วงไข่",
    "name_en": "",
    "province_id": 54
  },
  {
    "id": 5501,
    "name_th": "เมืองน่าน",
    "name_en": "",
    "province_id": 55
  },
  {
    "id": 5502,
    "name_th": "แม่จริม",
    "name_en": "",
    "province_id": 55
  },
  {
    "id": 5503,
    "name_th": "บ้านหลวง",
    "name_en": "",
    "province_id": 55
  },
  {
    "id": 5504,
    "name_th": "นาน้อย",
    "name_en": "",
    "province_id": 55
  },
  {
    "id": 5505,
    "name_th": "ปัว",
    "name_en": "",
    "province_id": 55
  },
  {
    "id": 5506,
    "name_th": "ท่าวังผา",
    "name_en": "",
    "province_id": 55
  },
  {
    "id": 5507,
    "name_th": "เวียงสา",
    "name_en": "",
    "province_id": 55
  },
  {
    "id": 5508,
    "name_th": "ทุ่งช้าง",
    "name_en": "",
    "province_id": 55
  },
  {
    "id": 5509,
    "name_th": "เชียงกลาง",
    "name_en": "",
    "province_id": 55
  },
  {
    "id": 5510,
    "name_th": "นาหมื่น",
    "name_en": "",
    "province_id": 55
  },
  {
    "id": 5511,
    "name_th": "สันติสุข",
    "name_en": "",
    "province_id": 55
  },
  {
    "id": 5512,
    "name_th": "บ่อเกลือ",
    "name_en": "",
    "province_id": 55
  },
  {
    "id": 5513,
    "name_th": "สองแคว",
    "name_en": "",
    "province_id": 55
  },
  {
    "id": 5514,
    "name_th": "ภูเพียง",
    "name_en": "",
    "province_id": 55
  },
  {
    "id": 5515,
    "name_th": "เฉลิมพระเกียรติ",
    "name_en": "",
    "province_id": 55
  },
  {
    "id": 5701,
    "name_th": "เมืองเชียงราย",
    "name_en": "",
    "province_id": 57
  },
  {
    "id": 5702,
    "name_th": "เวียงชัย",
    "name_en": "",
    "province_id": 57
  },
  {
    "id": 5703,
    "name_th": "เชียงของ",
    "name_en": "",
    "province_id": 57
  },
  {
    "id": 5704,
    "name_th": "เทิง",
    "name_en": "",
    "province_id": 57
  },
  {
    "id": 5705,
    "name_th": "พาน",
    "name_en": "",
    "province_id": 57
  },
  {
    "id": 5706,
    "name_th": "ป่าแดด",
    "name_en": "",
    "province_id": 57
  },
  {
    "id": 5707,
    "name_th": "แม่จัน",
    "name_en": "",
    "province_id": 57
  },
  {
    "id": 5708,
    "name_th": "เชียงแสน",
    "name_en": "",
    "province_id": 57
  },
  {
    "id": 5709,
    "name_th": "แม่สาย",
    "name_en": "",
    "province_id": 57
  },
  {
    "id": 5710,
    "name_th": "แม่สรวย",
    "name_en": "",
    "province_id": 57
  },
  {
    "id": 5711,
    "name_th": "เวียงป่าเป้า",
    "name_en": "",
    "province_id": 57
  },
  {
    "id": 5712,
    "name_th": "พญาเม็งราย",
    "name_en": "",
    "province_id": 57
  },
  {
    "id": 5713,
    "name_th": "เวียงแก่น",
    "name_en": "",
    "province_id": 57
  },
  {
    "id": 5714,
    "name_th": "ขุนตาล",
    "name_en": "",
    "province_id": 57
  },
  {
    "id": 5715,
    "name_th": "แม่ฟ้าหลวง",
    "name_en": "",
    "province_id": 57
  },
  {
    "id": 5716,
    "name_th": "แม่ลาว",
    "name_en": "",
    "province_id": 57
  },
  {
    "id": 5717,
    "name_th": "เวียงเชียงรุ้ง",
    "name_en": "",
    "province_id": 57
  },
  {
    "id": 5718,
    "name_th": "ดอยหลวง",
    "name_en": "",
    "province_id": 57
  },
  {
    "id": 5801,
    "name_th": "เมืองแม่ฮ่องสอน",
    "name_en": "",
    "province_id": 58
  },
  {
    "id": 5802,
    "name_th": "ขุนยวม",
    "name_en": "",
    "province_id": 58
  },
  {
    "id": 5803,
    "name_th": "ปาย",
    "name_en": "",
    "province_id": 58
  },
  {
    "id": 5804,
    "name_th": "แม่สะเรียง",
    "name_en": "",
    "province_id": 58
  },
  {
    "id": 5805,
    "name_th": "แม่ลาน้อย",
    "name_en": "",
    "province_id": 58
  },
  {
    "id": 5806,
    "name_th": "สบเมย",
    "name_en": "",
    "province_id": 58
  },
  {
    "id": 5807,
    "name_th": "ปางมะผ้า",
    "name_en": "",
    "province_id": 58
  },
  {
    "id": 6001,
    "name_th": "เมืองนครสวรรค์",
    "name_en": "",
    "province_id": 60
  },
  {
    "id": 6002,
    "name_th": "โกรกพระ",
    "name_en": "",
    "province_id": 60
  },
  {
    "id": 6003,
    "name_th": "ชุมแสง",
    "name_en": "",
    "province_id": 60
  },
  {
    "id": 6004,
    "name_th": "หนองบัว",
    "name_en": "",
    "province_id": 60
  },
  {
    "id": 6005,
    "name_th": "บรรพตพิสัย",
    "name_en": "",
    "province_id": 60
  },
  {
    "id": 6006,
    "name_th": "เก้าเลี้ยว",
    "name_en": "",
    "province_id": 60
  },
  {
    "id": 6007,
    "name_th": "ตาคลี",
    "name_en": "",
    "province_id": 60
  },
  {
    "id": 6008,
    "name_th": "ท่าตะโก",
    "name_en": "",
    "province_id": 60
  },
  {
    "id": 6009,
    "name_th": "ไพศาลี",
    "name_en": "",
    "province_id": 60
  },
  {
    "id": 6010,
    "name_th": "พยุหะคีรี",
    "name_en": "",
    "province_id": 60
  },
  {
    "id": 6011,
    "name_th": "ลาดยาว",
    "name_en": "",
    "province_id": 60
  },
  {
    "id": 6012,
    "name_th": "ตากฟ้า",
    "name_en": "",
    "province_id": 60
  },
  {
    "id": 6013,
    "name_th": "แม่วงก์",
    "name_en": "",
    "province_id": 60
  },
  {
    "id": 6014,
    "name_th": "แม่เปิน",
    "name_en": "",
    "province_id": 60
  },
  {
    "id": 6015,
    "name_th": "ชุมตาบง",
    "name_en": "",
    "province_id": 60
  },
  {
    "id": 6101,
    "name_th": "เมืองอุทัยธานี",
    "name_en": "",
    "province_id": 61
  },
  {
    "id": 6102,
    "name_th": "ทัพทัน",
    "name_en": "",
    "province_id": 61
  },
  {
    "id": 6103,
    "name_th": "สว่างอารมณ์",
    "name_en": "",
    "province_id": 61
  },
  {
    "id": 6104,
    "name_th": "หนองฉาง",
    "name_en": "",
    "province_id": 61
  },
  {
    "id": 6105,
    "name_th": "หนองขาหย่าง",
    "name_en": "",
    "province_id": 61
  },
  {
    "id": 6106,
    "name_th": "บ้านไร่",
    "name_en": "",
    "province_id": 61
  },
  {
    "id": 6107,
    "name_th": "ลานสัก",
    "name_en": "",
    "province_id": 61
  },
  {
    "id": 6108,
    "name_th": "ห้วยคต",
    "name_en": "",
    "province_id": 61
  },
  {
    "id": 6201,
    "name_th": "เมืองกำแพงเพชร",
    "name_en": "",
    "province_id": 62
  },
  {
    "id": 6202,
    "name_th": "ไทรงาม",
    "name_en": "",
    "province_id": 62
  },
  {
    "id": 6203,
    "name_th": "คลองลาน",
    "name_en": "",
    "province_id": 62
  },
  {
    "id": 6204,
    "name_th": "ขาณุวรลักษบุรี",
    "name_en": "",
    "province_id": 62
  },
  {
    "id": 6205,
    "name_th": "คลองขลุง",
    "name_en": "",
    "province_id": 62
  },
  {
    "id": 6206,
    "name_th": "พรานกระต่าย",
    "name_en": "",
    "province_id": 62
  },
  {
    "id": 6207,
    "name_th": "ลานกระบือ",
    "name_en": "",
    "province_id": 62
  },
  {
    "id": 6208,
    "name_th": "ทรายทองวัฒนา",
    "name_en": "",
    "province_id": 62
  },
  {
    "id": 6209,
    "name_th": "ปางศิลาทอง",
    "name_en": "",
    "province_id": 62
  },
  {
    "id": 6210,
    "name_th": "บึงสามัคคี",
    "name_en": "",
    "province_id": 62
  },
  {
    "id": 6211,
    "name_th": "โกสัมพีนคร",
    "name_en": "",
    "province_id": 62
  },
  {
    "id": 6301,
    "name_th": "เมืองตาก",
    "name_en": "",
    "province_id": 63
  },
  {
    "id": 6302,
    "name_th": "บ้านตาก",
    "name_en": "",
    "province_id": 63
  },
  {
    "id": 6303,
    "name_th": "สามเงา",
    "name_en": "",
    "province_id": 63
  },
  {
    "id": 6304,
    "name_th": "แม่ระมาด",
    "name_en": "",
    "province_id": 63
  },
  {
    "id": 6305,
    "name_th": "ท่าสองยาง",
    "name_en": "",
    "province_id": 63
  },
  {
    "id": 6306,
    "name_th": "แม่สอด",
    "name_en": "",
    "province_id": 63
  },
  {
    "id": 6307,
    "name_th": "พบพระ",
    "name_en": "",
    "province_id": 63
  },
  {
    "id": 6308,
    "name_th": "อุ้มผาง",
    "name_en": "",
    "province_id": 63
  },
  {
    "id": 6309,
    "name_th": "วังเจ้า",
    "name_en": "",
    "province_id": 63
  },
  {
    "id": 6401,
    "name_th": "เมืองสุโขทัย",
    "name_en": "",
    "province_id": 64
  },
  {
    "id": 6402,
    "name_th": "บ้านด่านลานหอย",
    "name_en": "",
    "province_id": 64
  },
  {
    "id": 6403,
    "name_th": "คีรีมาศ",
    "name_en": "",
    "province_id": 64
  },
  {
    "id": 6404,
    "name_th": "กงไกรลาศ",
    "name_en": "",
    "province_id": 64
  },
  {
    "id": 6405,
    "name_th": "ศรีสัชนาลัย",
    "name_en": "",
    "province_id": 64
  },
  {
    "id": 6406,
    "name_th": "ศรีสำโรง",
    "name_en": "",
    "province_id": 64
  },
  {
    "id": 6407,
    "name_th": "สวรรคโลก",
    "name_en": "",
    "province_id": 64
  },
  {
    "id": 6408,
    "name_th": "ศรีนคร",
    "name_en": "",
    "province_id": 64
  },
  {
    "id": 6409,
    "name_th": "ทุ่งเสลี่ยม",
    "name_en": "",
    "province_id": 64
  },
  {
    "id": 6501,
    "name_th": "เมืองพิษณุโลก",
    "name_en": "",
    "province_id": 65
  },
  {
    "id": 6509,
    "name_th": "เนินมะปราง",
    "name_en": "",
    "province_id": 65
  },
  {
    "id": 6701,
    "name_th": "เมืองเพชรบูรณ์",
    "name_en": "",
    "province_id": 67
  },
  {
    "id": 6702,
    "name_th": "ชนแดน",
    "name_en": "",
    "province_id": 67
  },
  {
    "id": 6703,
    "name_th": "หล่มสัก",
    "name_en": "",
    "province_id": 67
  },
  {
    "id": 6704,
    "name_th": "หล่มเก่า",
    "name_en": "",
    "province_id": 67
  },
  {
    "id": 6705,
    "name_th": "วิเชียรบุรี",
    "name_en": "",
    "province_id": 67
  },
  {
    "id": 6706,
    "name_th": "ศรีเทพ",
    "name_en": "",
    "province_id": 67
  },
  {
    "id": 6707,
    "name_th": "หนองไผ่",
    "name_en": "",
    "province_id": 67
  },
  {
    "id": 6708,
    "name_th": "บึงสามพัน",
    "name_en": "",
    "province_id": 67
  },
  {
    "id": 6709,
    "name_th": "น้ำหนาว",
    "name_en": "",
    "province_id": 67
  },
  {
    "id": 6710,
    "name_th": "วังโป่ง",
    "name_en": "",
    "province_id": 67
  },
  {
    "id": 6711,
    "name_th": "เขาค้อ",
    "name_en": "",
    "province_id": 67
  },
  {
    "id": 7001,
    "name_th": "เมืองราชบุรี",
    "name_en": "",
    "province_id": 70
  },
  {
    "id": 7002,
    "name_th": "จอมบึง",
    "name_en": "",
    "province_id": 70
  },
  {
    "id": 7003,
    "name_th": "สวนผึ้ง",
    "name_en": "",
    "province_id": 70
  },
  {
    "id": 7004,
    "name_th": "ดำเนินสะดวก",
    "name_en": "",
    "province_id": 70
  },
  {
    "id": 7005,
    "name_th": "บ้านโป่ง",
    "name_en": "",
    "province_id": 70
  },
  {
    "id": 7006,
    "name_th": "บางแพ",
    "name_en": "",
    "province_id": 70
  },
  {
    "id": 7007,
    "name_th": "โพธาราม",
    "name_en": "",
    "province_id": 70
  },
  {
    "id": 7008,
    "name_th": "ปากท่อ",
    "name_en": "",
    "province_id": 70
  },
  {
    "id": 7009,
    "name_th": "วัดเพลง",
    "name_en": "",
    "province_id": 70
  },
  {
    "id": 7010,
    "name_th": "บ้านคา",
    "name_en": "",
    "province_id": 70
  },
  {
    "id": 7101,
    "name_th": "เมืองกาญจนบุรี",
    "name_en": "",
    "province_id": 71
  },
  {
    "id": 7102,
    "name_th": "ไทรโยค",
    "name_en": "",
    "province_id": 71
  },
  {
    "id": 7103,
    "name_th": "บ่อพลอย",
    "name_en": "",
    "province_id": 71
  },
  {
    "id": 7104,
    "name_th": "ศรีสวัสดิ์",
    "name_en": "",
    "province_id": 71
  },
  {
    "id": 7105,
    "name_th": "ท่ามะกา",
    "name_en": "",
    "province_id": 71
  },
  {
    "id": 7106,
    "name_th": "ท่าม่วง",
    "name_en": "",
    "province_id": 71
  },
  {
    "id": 7107,
    "name_th": "ทองผาภูมิ",
    "name_en": "",
    "province_id": 71
  },
  {
    "id": 7108,
    "name_th": "สังขละบุรี",
    "name_en": "",
    "province_id": 71
  },
  {
    "id": 7109,
    "name_th": "พนมทวน",
    "name_en": "",
    "province_id": 71
  },
  {
    "id": 7110,
    "name_th": "เลาขวัญ",
    "name_en": "",
    "province_id": 71
  },
  {
    "id": 7111,
    "name_th": "ด่านมะขามเตี้ย",
    "name_en": "",
    "province_id": 71
  },
  {
    "id": 7112,
    "name_th": "หนองปรือ",
    "name_en": "",
    "province_id": 71
  },
  {
    "id": 7113,
    "name_th": "ห้วยกระเจา",
    "name_en": "",
    "province_id": 71
  },
  {
    "id": 7201,
    "name_th": "เมืองสุพรรณบุรี",
    "name_en": "",
    "province_id": 72
  },
  {
    "id": 7202,
    "name_th": "เดิมบางนางบวช",
    "name_en": "",
    "province_id": 72
  },
  {
    "id": 7203,
    "name_th": "ด่านช้าง",
    "name_en": "",
    "province_id": 72
  },
  {
    "id": 7204,
    "name_th": "บางปลาม้า",
    "name_en": "",
    "province_id": 72
  },
  {
    "id": 7205,
    "name_th": "ศรีประจันต์",
    "name_en": "",
    "province_id": 72
  },
  {
    "id": 7206,
    "name_th": "ดอนเจดีย์",
    "name_en": "",
    "province_id": 72
  },
  {
    "id": 7207,
    "name_th": "สองพี่น้อง",
    "name_en": "",
    "province_id": 72
  },
  {
    "id": 7208,
    "name_th": "สามชุก",
    "name_en": "",
    "province_id": 72
  },
  {
    "id": 7209,
    "name_th": "อู่ทอง",
    "name_en": "",
    "province_id": 72
  },
  {
    "id": 7210,
    "name_th": "หนองหญ้าไซ",
    "name_en": "",
    "province_id": 72
  },
  {
    "id": 7301,
    "name_th": "เมืองนครปฐม",
    "name_en": "",
    "province_id": 73
  },
  {
    "id": 7302,
    "name_th": "กำแพงแสน",
    "name_en": "",
    "province_id": 73
  },
  {
    "id": 7303,
    "name_th": "นครชัยศรี",
    "name_en": "",
    "province_id": 73
  },
  {
    "id": 7304,
    "name_th": "ดอนตูม",
    "name_en": "",
    "province_id": 73
  },
  {
    "id": 7305,
    "name_th": "บางเลน",
    "name_en": "",
    "province_id": 73
  },
  {
    "id": 7306,
    "name_th": "สามพราน",
    "name_en": "",
    "province_id": 73
  },
  {
    "id": 7307,
    "name_th": "พุทธมณฑล",
    "name_en": "",
    "province_id": 73
  },
  {
    "id": 7401,
    "name_th": "เมืองสมุทรสาคร",
    "name_en": "",
    "province_id": 74
  },
  {
    "id": 7402,
    "name_th": "กระทุ่มแบน",
    "name_en": "",
    "province_id": 74
  },
  {
    "id": 7403,
    "name_th": "บ้านแพ้ว",
    "name_en": "",
    "province_id": 74
  },
  {
    "id": 7501,
    "name_th": "เมืองสมุทรสงคราม",
    "name_en": "",
    "province_id": 75
  },
  {
    "id": 7502,
    "name_th": "บางคนที",
    "name_en": "",
    "province_id": 75
  },
  {
    "id": 7503,
    "name_th": "อัมพวา",
    "name_en": "",
    "province_id": 75
  },
  {
    "id": 7601,
    "name_th": "เมืองเพชรบุรี",
    "name_en": "",
    "province_id": 76
  },
  {
    "id": 7602,
    "name_th": "เขาย้อย",
    "name_en": "",
    "province_id": 76
  },
  {
    "id": 7603,
    "name_th": "หนองหญ้าปล้อง",
    "name_en": "",
    "province_id": 76
  },
  {
    "id": 7604,
    "name_th": "ชะอำ",
    "name_en": "",
    "province_id": 76
  },
  {
    "id": 7605,
    "name_th": "ท่ายาง",
    "name_en": "",
    "province_id": 76
  },
  {
    "id": 7606,
    "name_th": "บ้านลาด",
    "name_en": "",
    "province_id": 76
  },
  {
    "id": 7607,
    "name_th": "บ้านแหลม",
    "name_en": "",
    "province_id": 76
  },
  {
    "id": 7608,
    "name_th": "แก่งกระจาน",
    "name_en": "",
    "province_id": 76
  },
  {
    "id": 8001,
    "name_th": "เมืองนครศรีธรรมราช",
    "name_en": "",
    "province_id": 80
  },
  {
    "id": 8002,
    "name_th": "พรหมคีรี",
    "name_en": "",
    "province_id": 80
  },
  {
    "id": 8003,
    "name_th": "ลานสกา",
    "name_en": "",
    "province_id": 80
  },
  {
    "id": 8004,
    "name_th": "ฉวาง",
    "name_en": "",
    "province_id": 80
  },
  {
    "id": 8005,
    "name_th": "พิปูน",
    "name_en": "",
    "province_id": 80
  },
  {
    "id": 8006,
    "name_th": "เชียรใหญ่",
    "name_en": "",
    "province_id": 80
  },
  {
    "id": 8007,
    "name_th": "ชะอวด",
    "name_en": "",
    "province_id": 80
  },
  {
    "id": 8008,
    "name_th": "ท่าศาลา",
    "name_en": "",
    "province_id": 80
  },
  {
    "id": 8009,
    "name_th": "ทุ่งสง",
    "name_en": "",
    "province_id": 80
  },
  {
    "id": 8010,
    "name_th": "นาบอน",
    "name_en": "",
    "province_id": 80
  },
  {
    "id": 8011,
    "name_th": "ทุ่งใหญ่",
    "name_en": "",
    "province_id": 80
  },
  {
    "id": 8012,
    "name_th": "ปากพนัง",
    "name_en": "",
    "province_id": 80
  },
  {
    "id": 8013,
    "name_th": "ร่อนพิบูลย์",
    "name_en": "",
    "province_id": 80
  },
  {
    "id": 8014,
    "name_th": "สิชล",
    "name_en": "",
    "province_id": 80
  },
  {
    "id": 8015,
    "name_th": "ขนอม",
    "name_en": "",
    "province_id": 80
  },
  {
    "id": 8016,
    "name_th": "หัวไทร",
    "name_en": "",
    "province_id": 80
  },
  {
    "id": 8017,
    "name_th": "บางขัน",
    "name_en": "",
    "province_id": 80
  },
  {
    "id": 8018,
    "name_th": "ถ้ำพรรณรา",
    "name_en": "",
    "province_id": 80
  },
  {
    "id": 8019,
    "name_th": "จุฬาภรณ์",
    "name_en": "",
    "province_id": 80
  },
  {
    "id": 8020,
    "name_th": "พระพรหม",
    "name_en": "",
    "province_id": 80
  },
  {
    "id": 8021,
    "name_th": "นบพิตำ",
    "name_en": "",
    "province_id": 80
  },
  {
    "id": 8022,
    "name_th": "ช้างกลาง",
    "name_en": "",
    "province_id": 80
  },
  {
    "id": 8023,
    "name_th": "เฉลิมพระเกียรติ",
    "name_en": "",
    "province_id": 80
  },
  {
    "id": 8101,
    "name_th": "เมืองกระบี่",
    "name_en": "",
    "province_id": 81
  },
  {
    "id": 8102,
    "name_th": "เขาพนม",
    "name_en": "",
    "province_id": 81
  },
  {
    "id": 8103,
    "name_th": "เกาะลันตา",
    "name_en": "",
    "province_id": 81
  },
  {
    "id": 8104,
    "name_th": "คลองท่อม",
    "name_en": "",
    "province_id": 81
  },
  {
    "id": 8105,
    "name_th": "อ่าวลึก",
    "name_en": "",
    "province_id": 81
  },
  {
    "id": 8106,
    "name_th": "ปลายพระยา",
    "name_en": "",
    "province_id": 81
  },
  {
    "id": 8107,
    "name_th": "ลำทับ",
    "name_en": "",
    "province_id": 81
  },
  {
    "id": 8108,
    "name_th": "เหนือคลอง",
    "name_en": "",
    "province_id": 81
  },
  {
    "id": 8301,
    "name_th": "เมืองภูเก็ต",
    "name_en": "",
    "province_id": 83
  },
  {
    "id": 8302,
    "name_th": "กะทู้",
    "name_en": "",
    "province_id": 83
  },
  {
    "id": 8303,
    "name_th": "ถลาง",
    "name_en": "",
    "province_id": 83
  },
  {
    "id": 8401,
    "name_th": "เมืองสุราษฎร์ธานี",
    "name_en": "",
    "province_id": 84
  },
  {
    "id": 8402,
    "name_th": "กาญจนดิษฐ์",
    "name_en": "",
    "province_id": 84
  },
  {
    "id": 8403,
    "name_th": "ดอนสัก",
    "name_en": "",
    "province_id": 84
  },
  {
    "id": 8404,
    "name_th": "เกาะสมุย",
    "name_en": "",
    "province_id": 84
  },
  {
    "id": 8405,
    "name_th": "เกาะพะงัน",
    "name_en": "",
    "province_id": 84
  },
  {
    "id": 8406,
    "name_th": "ไชยา",
    "name_en": "",
    "province_id": 84
  },
  {
    "id": 8407,
    "name_th": "ท่าชนะ",
    "name_en": "",
    "province_id": 84
  },
  {
    "id": 8408,
    "name_th": "คีรีรัฐนิคม",
    "name_en": "",
    "province_id": 84
  },
  {
    "id": 8409,
    "name_th": "บ้านตาขุน",
    "name_en": "",
    "province_id": 84
  },
  {
    "id": 8410,
    "name_th": "พนม",
    "name_en": "",
    "province_id": 84
  },
  {
    "id": 8411,
    "name_th": "ท่าฉาง",
    "name_en": "",
    "province_id": 84
  },
  {
    "id": 8412,
    "name_th": "บ้านนาสาร",
    "name_en": "",
    "province_id": 84
  },
  {
    "id": 8413,
    "name_th": "บ้านนาเดิม",
    "name_en": "",
    "province_id": 84
  },
  {
    "id": 8414,
    "name_th": "เคียนซา",
    "name_en": "",
    "province_id": 84
  },
  {
    "id": 8415,
    "name_th": "เวียงสระ",
    "name_en": "",
    "province_id": 84
  },
  {
    "id": 8416,
    "name_th": "พระแสง",
    "name_en": "",
    "province_id": 84
  },
  {
    "id": 8417,
    "name_th": "พุนพิน",
    "name_en": "",
    "province_id": 84
  },
  {
    "id": 8418,
    "name_th": "ชัยบุรี",
    "name_en": "",
    "province_id": 84
  },
  {
    "id": 8419,
    "name_th": "วิภาวดี",
    "name_en": "",
    "province_id": 84
  },
  {
    "id": 8501,
    "name_th": "เมืองระนอง",
    "name_en": "",
    "province_id": 85
  },
  {
    "id": 8502,
    "name_th": "ละอุ่น",
    "name_en": "",
    "province_id": 85
  },
  {
    "id": 8503,
    "name_th": "กะเปอร์",
    "name_en": "",
    "province_id": 85
  },
  {
    "id": 8504,
    "name_th": "กระบุรี",
    "name_en": "",
    "province_id": 85
  },
  {
    "id": 8505,
    "name_th": "สุขสำราญ",
    "name_en": "",
    "province_id": 85
  },
  {
    "id": 8601,
    "name_th": "เมืองชุมพร",
    "name_en": "",
    "province_id": 86
  },
  {
    "id": 8602,
    "name_th": "ท่าแซะ",
    "name_en": "",
    "province_id": 86
  },
  {
    "id": 8603,
    "name_th": "ปะทิว",
    "name_en": "",
    "province_id": 86
  },
  {
    "id": 8604,
    "name_th": "หลังสวน",
    "name_en": "",
    "province_id": 86
  },
  {
    "id": 8605,
    "name_th": "ละแม",
    "name_en": "",
    "province_id": 86
  },
  {
    "id": 8606,
    "name_th": "พะโต๊ะ",
    "name_en": "",
    "province_id": 86
  },
  {
    "id": 8607,
    "name_th": "สวี",
    "name_en": "",
    "province_id": 86
  },
  {
    "id": 8608,
    "name_th": "ทุ่งตะโก",
    "name_en": "",
    "province_id": 86
  },
  {
    "id": 9001,
    "name_th": "เมืองสงขลา",
    "name_en": "",
    "province_id": 90
  },
  {
    "id": 9002,
    "name_th": "สทิงพระ",
    "name_en": "",
    "province_id": 90
  },
  {
    "id": 9003,
    "name_th": "จะนะ",
    "name_en": "",
    "province_id": 90
  },
  {
    "id": 9004,
    "name_th": "นาทวี",
    "name_en": "",
    "province_id": 90
  },
  {
    "id": 9005,
    "name_th": "เทพา",
    "name_en": "",
    "province_id": 90
  },
  {
    "id": 9006,
    "name_th": "สะบ้าย้อย",
    "name_en": "",
    "province_id": 90
  },
  {
    "id": 9007,
    "name_th": "ระโนด",
    "name_en": "",
    "province_id": 90
  },
  {
    "id": 9008,
    "name_th": "กระแสสินธุ์",
    "name_en": "",
    "province_id": 90
  },
  {
    "id": 9009,
    "name_th": "รัตภูมิ",
    "name_en": "",
    "province_id": 90
  },
  {
    "id": 9010,
    "name_th": "สะเดา",
    "name_en": "",
    "province_id": 90
  },
  {
    "id": 9011,
    "name_th": "หาดใหญ่",
    "name_en": "",
    "province_id": 90
  },
  {
    "id": 9012,
    "name_th": "นาหม่อม",
    "name_en": "",
    "province_id": 90
  },
  {
    "id": 9013,
    "name_th": "ควนเนียง",
    "name_en": "",
    "province_id": 90
  },
  {
    "id": 9014,
    "name_th": "บางกล่ำ",
    "name_en": "",
    "province_id": 90
  },
  {
    "id": 9015,
    "name_th": "สิงหนคร",
    "name_en": "",
    "province_id": 90
  },
  {
    "id": 9016,
    "name_th": "คลองหอยโข่ง",
    "name_en": "",
    "province_id": 90
  },
  {
    "id": 9101,
    "name_th": "เมืองสตูล",
    "name_en": "",
    "province_id": 91
  },
  {
    "id": 9102,
    "name_th": "ควนโดน",
    "name_en": "",
    "province_id": 91
  },
  {
    "id": 9103,
    "name_th": "ควนกาหลง",
    "name_en": "",
    "province_id": 91
  },
  {
    "id": 9104,
    "name_th": "ท่าแพ",
    "name_en": "",
    "province_id": 91
  },
  {
    "id": 9105,
    "name_th": "ละงู",
    "name_en": "",
    "province_id": 91
  },
  {
    "id": 9106,
    "name_th": "ทุ่งหว้า",
    "name_en": "",
    "province_id": 91
  },
  {
    "id": 9107,
    "name_th": "มะนัง",
    "name_en": "",
    "province_id": 91
  },
  {
    "id": 9201,
    "name_th": "เมืองตรัง",
    "name_en": "",
    "province_id": 92
  },
  {
    "id": 9202,
    "name_th": "กันตัง",
    "name_en": "",
    "province_id": 92
  },
  {
    "id": 9203,
    "name_th": "ย่านตาขาว",
    "name_en": "",
    "province_id": 92
  },
  {
    "id": 9204,
    "name_th": "ปะเหลียน",
    "name_en": "",
    "province_id": 92
  },
  {
    "id": 9205,
    "name_th": "สิเกา",
    "name_en": "",
    "province_id": 92
  },
  {
    "id": 9206,
    "name_th": "ห้วยยอด",
    "name_en": "",
    "province_id": 92
  },
  {
    "id": 9207,
    "name_th": "วังวิเศษ",
    "name_en": "",
    "province_id": 92
  },
  {
    "id": 9208,
    "name_th": "นาโยง",
    "name_en": "",
    "province_id": 92
  },
  {
    "id": 9209,
    "name_th": "รัษฎา",
    "name_en": "",
    "province_id": 92
  },
  {
    "id": 9210,
    "name_th": "หาดสำราญ",
    "name_en": "",
    "province_id": 92
  },
  {
    "id": 9601,
    "name_th": "เมืองนราธิวาส",
    "name_en": "",
    "province_id": 96
  },
  {
    "id": 9602,
    "name_th": "ตากใบ",
    "name_en": "",
    "province_id": 96
  },
  {
    "id": 9603,
    "name_th": "บาเจาะ",
    "name_en": "",
    "province_id": 96
  },
  {
    "id": 9604,
    "name_th": "ยี่งอ",
    "name_en": "",
    "province_id": 96
  },
  {
    "id": 9605,
    "name_th": "ระแงะ",
    "name_en": "",
    "province_id": 96
  },
  {
    "id": 9606,
    "name_th": "รือเสาะ",
    "name_en": "",
    "province_id": 96
  },
  {
    "id": 9607,
    "name_th": "ศรีสาคร",
    "name_en": "",
    "province_id": 96
  },
  {
    "id": 9608,
    "name_th": "แว้ง",
    "name_en": "",
    "province_id": 96
  },
  {
    "id": 9609,
    "name_th": "สุคิริน",
    "name_en": "",
    "province_id": 96
  },
  {
    "id": 9610,
    "name_th": "สุไหงโก-ลก",
    "name_en": "",
    "province_id": 96
  },
  {
    "id": 9611,
    "name_th": "สุไหงปาดี",
    "name_en": "",
    "province_id": 96
  },
  {
    "id": 9612,
    "name_th": "จะแนะ",
    "name_en": "",
    "province_id": 96
  },
  {
    "id": 9613,
    "name_th": "เจาะไอร้อง",
    "name_en": "",
    "province_id": 96
  },
  {
    "id": null,
    "name_th": "บึงโขงหลง",
    "name_en": "",
    "province_id": 97
  },
  {
    "id": 1301,
    "name_th": "เมืองปทุมธานี",
    "name_en": "",
    "province_id": 13
  },
  {
    "id": 1302,
    "name_th": "คลองหลวง",
    "name_en": "",
    "province_id": 13
  },
  {
    "id": 1303,
    "name_th": "ธัญบุรี",
    "name_en": "",
    "province_id": 13
  },
  {
    "id": 1304,
    "name_th": "หนองเสือ",
    "name_en": "",
    "province_id": 13
  },
  {
    "id": 1305,
    "name_th": "ลาดหลุมแก้ว",
    "name_en": "",
    "province_id": 13
  },
  {
    "id": 1306,
    "name_th": "ลำลูกกา",
    "name_en": "",
    "province_id": 13
  },
  {
    "id": 1307,
    "name_th": "สามโคก",
    "name_en": "",
    "province_id": 13
  },
  {
    "id": 1401,
    "name_th": "พระนครศรีอยุธยา",
    "name_en": "",
    "province_id": 14
  },
  {
    "id": 1402,
    "name_th": "ท่าเรือ",
    "name_en": "",
    "province_id": 14
  },
  {
    "id": 1403,
    "name_th": "นครหลวง",
    "name_en": "",
    "province_id": 14
  },
  {
    "id": 1404,
    "name_th": "บางไทร",
    "name_en": "",
    "province_id": 14
  },
  {
    "id": 1405,
    "name_th": "บางบาล",
    "name_en": "",
    "province_id": 14
  },
  {
    "id": 1406,
    "name_th": "บางปะอิน",
    "name_en": "",
    "province_id": 14
  },
  {
    "id": 1407,
    "name_th": "บางปะหัน",
    "name_en": "",
    "province_id": 14
  },
  {
    "id": 1408,
    "name_th": "ผักไห่",
    "name_en": "",
    "province_id": 14
  },
  {
    "id": 1409,
    "name_th": "ภาชี",
    "name_en": "",
    "province_id": 14
  },
  {
    "id": 1410,
    "name_th": "ลาดบัวหลวง",
    "name_en": "",
    "province_id": 14
  },
  {
    "id": 1411,
    "name_th": "วังน้อย",
    "name_en": "",
    "province_id": 14
  },
  {
    "id": 1412,
    "name_th": "เสนา",
    "name_en": "",
    "province_id": 14
  },
  {
    "id": 1413,
    "name_th": "บางซ้าย",
    "name_en": "",
    "province_id": 14
  },
  {
    "id": 1414,
    "name_th": "อุทัย",
    "name_en": "",
    "province_id": 14
  },
  {
    "id": 1415,
    "name_th": "มหาราช",
    "name_en": "",
    "province_id": 14
  },
  {
    "id": 1416,
    "name_th": "บ้านแพรก",
    "name_en": "",
    "province_id": 14
  },
  {
    "id": 2501,
    "name_th": "เมืองปราจีนบุรี",
    "name_en": "",
    "province_id": 25
  },
  {
    "id": 2502,
    "name_th": "กบินทร์บุรี",
    "name_en": "",
    "province_id": 25
  },
  {
    "id": 2503,
    "name_th": "นาดี",
    "name_en": "",
    "province_id": 25
  },
  {
    "id": 2506,
    "name_th": "บ้านสร้าง",
    "name_en": "",
    "province_id": 25
  },
  {
    "id": 2507,
    "name_th": "ประจันตคาม",
    "name_en": "",
    "province_id": 25
  },
  {
    "id": 2508,
    "name_th": "ศรีมหาโพธิ",
    "name_en": "",
    "province_id": 25
  },
  {
    "id": 2509,
    "name_th": "ศรีมโหสถ",
    "name_en": "",
    "province_id": 25
  },
  {
    "id": 3101,
    "name_th": "เมืองบุรีรัมย์",
    "name_en": "",
    "province_id": 31
  },
  {
    "id": 3105,
    "name_th": "หนองกี่",
    "name_en": "",
    "province_id": 31
  },
  {
    "id": 3106,
    "name_th": "ละหานทราย",
    "name_en": "",
    "province_id": 31
  },
  {
    "id": 3107,
    "name_th": "ประโคนชัย",
    "name_en": "",
    "province_id": 31
  },
  {
    "id": 3108,
    "name_th": "บ้านกรวด",
    "name_en": "",
    "province_id": 31
  },
  {
    "id": 3109,
    "name_th": "พุทไธสง",
    "name_en": "",
    "province_id": 31
  },
  {
    "id": 3110,
    "name_th": "ลำปลายมาศ",
    "name_en": "",
    "province_id": 31
  },
  {
    "id": 3111,
    "name_th": "สตึก",
    "name_en": "",
    "province_id": 31
  },
  {
    "id": 3112,
    "name_th": "ปะคำ",
    "name_en": "",
    "province_id": 31
  },
  {
    "id": 3113,
    "name_th": "นาโพธิ์",
    "name_en": "",
    "province_id": 31
  },
  {
    "id": 3114,
    "name_th": "หนองหงส์",
    "name_en": "",
    "province_id": 31
  },
  {
    "id": 3115,
    "name_th": "พลับพลาชัย",
    "name_en": "",
    "province_id": 31
  },
  {
    "id": 3116,
    "name_th": "ห้วยราช",
    "name_en": "",
    "province_id": 31
  },
  {
    "id": 3117,
    "name_th": "โนนสุวรรณ",
    "name_en": "",
    "province_id": 31
  },
  {
    "id": 3119,
    "name_th": "บ้านใหม่ไชยพจน์",
    "name_en": "",
    "province_id": 31
  },
  {
    "id": 3120,
    "name_th": "โนนดินแดง",
    "name_en": "",
    "province_id": 31
  },
  {
    "id": 3121,
    "name_th": "บ้านด่าน",
    "name_en": "",
    "province_id": 31
  },
  {
    "id": 3122,
    "name_th": "แคนดง",
    "name_en": "",
    "province_id": 31
  },
  {
    "id": 3123,
    "name_th": "เฉลิมพระเกียรติ",
    "name_en": "",
    "province_id": 31
  },
  {
    "id": 5601,
    "name_th": "เมืองพะเยา",
    "name_en": "",
    "province_id": 56
  },
  {
    "id": 5602,
    "name_th": "จุน",
    "name_en": "",
    "province_id": 56
  },
  {
    "id": 5603,
    "name_th": "เชียงคำ",
    "name_en": "",
    "province_id": 56
  },
  {
    "id": 5604,
    "name_th": "เชียงม่วน",
    "name_en": "",
    "province_id": 56
  },
  {
    "id": 5605,
    "name_th": "ดอกคำใต้",
    "name_en": "",
    "province_id": 56
  },
  {
    "id": 5606,
    "name_th": "ปง",
    "name_en": "",
    "province_id": 56
  },
  {
    "id": 5607,
    "name_th": "แม่ใจ",
    "name_en": "",
    "province_id": 56
  },
  {
    "id": 5608,
    "name_th": "ภูซาง",
    "name_en": "",
    "province_id": 56
  },
  {
    "id": 5609,
    "name_th": "ภูกามยาว",
    "name_en": "",
    "province_id": 56
  },
  {
    "id": 6502,
    "name_th": "นครไทย",
    "name_en": "",
    "province_id": 65
  },
  {
    "id": 6503,
    "name_th": "ชาติตระการ",
    "name_en": "",
    "province_id": 65
  },
  {
    "id": 6504,
    "name_th": "บางระกำ",
    "name_en": "",
    "province_id": 65
  },
  {
    "id": 6505,
    "name_th": "บางกระทุ่ม",
    "name_en": "",
    "province_id": 65
  },
  {
    "id": 6506,
    "name_th": "พรหมพิราม",
    "name_en": "",
    "province_id": 65
  },
  {
    "id": 6507,
    "name_th": "วัดโบสถ์",
    "name_en": "",
    "province_id": 65
  },
  {
    "id": 6508,
    "name_th": "วังทอง",
    "name_en": "",
    "province_id": 65
  },
  {
    "id": 6601,
    "name_th": "เมืองพิจิตร",
    "name_en": "",
    "province_id": 66
  },
  {
    "id": 6602,
    "name_th": "วังทรายพูน",
    "name_en": "",
    "province_id": 66
  },
  {
    "id": 6603,
    "name_th": "โพธิ์ประทับช้าง",
    "name_en": "",
    "province_id": 66
  },
  {
    "id": 6604,
    "name_th": "ตะพานหิน",
    "name_en": "",
    "province_id": 66
  },
  {
    "id": 6605,
    "name_th": "บางมูลนาก",
    "name_en": "",
    "province_id": 66
  },
  {
    "id": 6606,
    "name_th": "โพทะเล",
    "name_en": "",
    "province_id": 66
  },
  {
    "id": 6607,
    "name_th": "สามง่าม",
    "name_en": "",
    "province_id": 66
  },
  {
    "id": 6608,
    "name_th": "ทับคล้อ",
    "name_en": "",
    "province_id": 66
  },
  {
    "id": 6609,
    "name_th": "สากเหล็ก",
    "name_en": "",
    "province_id": 66
  },
  {
    "id": 6610,
    "name_th": "บึงนาราง",
    "name_en": "",
    "province_id": 66
  },
  {
    "id": 6611,
    "name_th": "ดงเจริญ",
    "name_en": "",
    "province_id": 66
  },
  {
    "id": 6612,
    "name_th": "วชิรบารมี",
    "name_en": "",
    "province_id": 66
  },
  {
    "id": 7701,
    "name_th": "เมืองประจวบคีรีขันธ์",
    "name_en": "",
    "province_id": 77
  },
  {
    "id": 7702,
    "name_th": "กุยบุรี",
    "name_en": "",
    "province_id": 77
  },
  {
    "id": 7703,
    "name_th": "ทับสะแก",
    "name_en": "",
    "province_id": 77
  },
  {
    "id": 7704,
    "name_th": "บางสะพาน",
    "name_en": "",
    "province_id": 77
  },
  {
    "id": 7705,
    "name_th": "บางสะพานน้อย",
    "name_en": "",
    "province_id": 77
  },
  {
    "id": 7706,
    "name_th": "ปราณบุรี",
    "name_en": "",
    "province_id": 77
  },
  {
    "id": 7707,
    "name_th": "หัวหิน",
    "name_en": "",
    "province_id": 77
  },
  {
    "id": 7708,
    "name_th": "สามร้อยยอด",
    "name_en": "",
    "province_id": 77
  },
  {
    "id": 8201,
    "name_th": "เมืองพังงา",
    "name_en": "",
    "province_id": 82
  },
  {
    "id": 8202,
    "name_th": "เกาะยาว",
    "name_en": "",
    "province_id": 82
  },
  {
    "id": 8203,
    "name_th": "กะปง",
    "name_en": "",
    "province_id": 82
  },
  {
    "id": 8204,
    "name_th": "ตะกั่วทุ่ง",
    "name_en": "",
    "province_id": 82
  },
  {
    "id": 8205,
    "name_th": "ตะกั่วป่า",
    "name_en": "",
    "province_id": 82
  },
  {
    "id": 8206,
    "name_th": "คุระบุรี",
    "name_en": "",
    "province_id": 82
  },
  {
    "id": 8207,
    "name_th": "ทับปุด",
    "name_en": "",
    "province_id": 82
  },
  {
    "id": 8208,
    "name_th": "ท้ายเหมือง",
    "name_en": "",
    "province_id": 82
  },
  {
    "id": 9301,
    "name_th": "เมืองพัทลุง",
    "name_en": "",
    "province_id": 93
  },
  {
    "id": 9302,
    "name_th": "กงหรา",
    "name_en": "",
    "province_id": 93
  },
  {
    "id": 9303,
    "name_th": "เขาชัยสน",
    "name_en": "",
    "province_id": 93
  },
  {
    "id": 9304,
    "name_th": "ตะโหมด",
    "name_en": "",
    "province_id": 93
  },
  {
    "id": 9305,
    "name_th": "ควนขนุน",
    "name_en": "",
    "province_id": 93
  },
  {
    "id": 9306,
    "name_th": "ปากพะยูน",
    "name_en": "",
    "province_id": 93
  },
  {
    "id": 9307,
    "name_th": "ศรีบรรพต",
    "name_en": "",
    "province_id": 93
  },
  {
    "id": 9308,
    "name_th": "ป่าบอน",
    "name_en": "",
    "province_id": 93
  },
  {
    "id": 9309,
    "name_th": "บางแก้ว",
    "name_en": "",
    "province_id": 93
  },
  {
    "id": 9310,
    "name_th": "ป่าพะยอม",
    "name_en": "",
    "province_id": 93
  },
  {
    "id": 9311,
    "name_th": "ศรีนครินทร์",
    "name_en": "",
    "province_id": 93
  },
  {
    "id": 9401,
    "name_th": "เมืองปัตตานี",
    "name_en": "",
    "province_id": 94
  },
  {
    "id": 9402,
    "name_th": "โคกโพธิ์",
    "name_en": "",
    "province_id": 94
  },
  {
    "id": 9403,
    "name_th": "หนองจิก",
    "name_en": "",
    "province_id": 94
  },
  {
    "id": 9404,
    "name_th": "ปะนาเระ",
    "name_en": "",
    "province_id": 94
  },
  {
    "id": 9405,
    "name_th": "มายอ",
    "name_en": "",
    "province_id": 94
  },
  {
    "id": 9406,
    "name_th": "ทุ่งยางแดง",
    "name_en": "",
    "province_id": 94
  },
  {
    "id": 9407,
    "name_th": "สายบุรี",
    "name_en": "",
    "province_id": 94
  },
  {
    "id": 9408,
    "name_th": "ไม้แก่น",
    "name_en": "",
    "province_id": 94
  },
  {
    "id": 9409,
    "name_th": "ยะหริ่ง",
    "name_en": "",
    "province_id": 94
  },
  {
    "id": 9410,
    "name_th": "ยะรัง",
    "name_en": "",
    "province_id": 94
  },
  {
    "id": 9411,
    "name_th": "กะพ้อ",
    "name_en": "",
    "province_id": 94
  },
  {
    "id": 9412,
    "name_th": "แม่ลาน",
    "name_en": "",
    "province_id": 94
  },
  {
    "id": 9501,
    "name_th": "เมืองยะลา",
    "name_en": "",
    "province_id": 95
  },
  {
    "id": 9502,
    "name_th": "เบตง",
    "name_en": "",
    "province_id": 95
  },
  {
    "id": 9503,
    "name_th": "บันนังสตา",
    "name_en": "",
    "province_id": 95
  },
  {
    "id": 9504,
    "name_th": "ธารโต",
    "name_en": "",
    "province_id": 95
  },
  {
    "id": 9505,
    "name_th": "ยะหา",
    "name_en": "",
    "province_id": 95
  },
  {
    "id": 9506,
    "name_th": "รามัน",
    "name_en": "",
    "province_id": 95
  },
  {
    "id": 9507,
    "name_th": "กาบัง",
    "name_en": "",
    "province_id": 95
  },
  {
    "id": 9508,
    "name_th": "กรงปินัง",
    "name_en": "",
    "province_id": 95
  }
]